question,label
건설 현장에서 일하다가 다쳐서 연골절제 수술을 했어요 관련 판결문 보여주세요.,B-LOC E-LOC O O S-INJURY O O O O O
현장에서 일하다 사고가나서 연골절제 했어,S-LOC O O S-INJURY O
일하다 다쳐서 연골절제 수술을 했어 판결문 보여줘,B-LOC O S-INJURY O O O O
건설 현장에서 다쳐서 연골절제 수술을 했어,B-LOC E-LOC O S-INJURY O O
건설 현장에서 사고가 나서 연골 절제 수술을 했어,B-LOC E-LOC O O B-INJURY E-INJURY O O
지난주에 다쳐서 수술했어. 관련 자료 보여줘,O O O O O O
사고나서 수술했어 관련 자료 보여줘,O O O O O
사고 관련 판결문 보여줘,O O O O
다쳤는데 관련 자료 보여줄래,O O O O
야 회사에서 일하다가 넘어져서 수술했어,O O S-LOC S-ACC O
사고로 인한 판결문들에 대해 알수있을까?,O O O O O
일하다 미끄러져서 어깨탈골로 와순 파열 수술을 받았어,S-LOC S-ACC S-INJURY O O O O
아버지가 건설 현장에서 일용직 근로자로 일하시다 추락사고를 당하셔서 목에 심한 부상을 입었어,O B-LOC E-LOC O O O S-ACC O B-INJURY O E-INJURY O
작업 중 5미터 높이에서 추락하는 사고가 나서 골절 근육의 다발성 부분파열이 생겼어,B-LOC E-LOC O O S-ACC O O S-INJURY O O O O
현장에서 거푸집 동바리 해체작업을 하던중 붕괴된 계단슬래브에 깔려 중증 뇌손상으로 사망했어,S-LOC O O O O O O S-ACC O S-INJURY O
비계파이프가 떨어지는 사고로 좌상을 입었어 요양비용 청구 가능할까?,O S-ACC O S-INJURY O O O O
식당에서 배달원으로 일하던중 교통사고를 당해서 연골손상을 입었어,S-LOC O O S-ACC O S-INJURY O
업무중 목재 재단기에 손가락이 절단되는 사고를 당했는데 병원에서 봉합수술을받고 치료중이야,S-LOC O O B-INJURY E-INJURY O O O O O
아파트 건설 중 추락해서 허리골절로 수술입원중입니다. 휴업 청구 가능한가요?,O B-LOC E-LOC S-ACC S-INJURY O O O O
배민커넥트 킥보드 배달 도중 교통사고로 팔꿈치 부분이 부서져서 입원중입니다.,O O B-LOC E-LOC S-ACC B-INJURY O E-INJURY O
얼마전 일용직으로 일한지 며칠 안된 신입 근로자가 비온다음날 출근길에 오토바이 교통사고를 당해 입원했습니다,O O O O O O O O S-LOC O S-ACC O O
안녕하세요 얼마전 배달업을하다 사고가나서 리스프랑관절 탈구골절 외측복사뼈 골절이 되서 입원중에 있고 산재를 신청해놓은 상태입니다.,O O S-LOC O O O O S-INJURY O O O O O O
저희 아버지께서 조선소에서 일을하시다 얼굴이 설비에 협착되는 큰 사고를 당하셨습니다. 출혈과 두개골 골절 및 현재 수술대기중에 계십니다.,O O O S-LOC O O S-ACC O O O O O S-INJURY O O O O
건물지붕에서 작업을 하다가 6m정도 되는 높이에서 떨어져 의식이 없는채로 병원으로 옮겨져 두개골골절로 11시경에 긴급 수술을 받았습니다,S-LOC O O O O O S-ACC O O O O S-INJURY O O O O
영업용승합차 운전중 교통사고로 흉추압박골절 12주 진단 받고 현재 5개월째 통원치료중입니다,O S-LOC S-ACC S-INJURY O O O O O O
일하다가 사고로 손가락 탈구및 절단으로 인해 6개월간 수술및 재활치료중입니다,S-LOC O B-INJURY I-INJURY E-INJURY O O O O
얼마전 일을하다가 사고를 당했습니다 화상으로 얼굴과 양손에 2도화상을 입었는데 이마쪽과 손에 흉터가 남을 것으로 예상이 됩니다.,O S-LOC O O S-ACC O O S-INJURY O O O O O O O O
"어머니가 공장에서 근무하시다가 마감 청소중 팔이 레일에 끼여서 팔꿈치 윗부분의 골절, 혈관과 신경, 근육조직이 손상이되어 오늘 긴급수술을 받으셨습니다.",O S-LOC O O O O O S-ACC O O S-INJURY O O O O O O O
조선소에서 일을하다 얼굴이 설비에 협착되는 큰 사고를 당했어요,O S-LOC O O S-ACC O O O
쿠팡맨 배송직 일을 하고있는데요 얼마전에 배송중 트럭에 의해 사고가 났습니다.,O O O O O S-LOC B-ACC O E-ACC O
어제 근무중 가공된철물을 크레인으로 올리고 그밑에 받침을 넣은 작업중에 정위치가아닌 옆쪽으로 손을넣었다가 협착사고가 나서 손가락두개를 다쳐 수술했습니다,O S-LOC O O O O O O O O O O S-ACC O B-INJURY E-INJURY O
"건설회사에 취업하여 일하던중 손가락 끝마디가 골절되어 손톱까지 뽑혔습니다.
 손톱 봉합 수술을 했지만 현재까지 안자라고 있구요",O O S-LOC B-INJURY I-INJURY E-INJURY O O O O O O O O O
"저희회사에서 2015년 초 산재사고가 나서 여성분이 다치셨습니다.
 돌아가는 벨트에 손이 협착되여 오른손 손가락이 대부분 절단되는 사고였습니다.",O O O O O O O O O O S-ACC O B-INJURY O E-INJURY O
사다리위에서 작업을 하다 사다리가 흔들려서 그만 4층 높이에서 낙상을 하였습니다,O S-LOC O O O O O O S-ACC O
피잣집 배달 알바하던 중 버스와 교통사고가 났습니다,O O S-LOC O O S-ACC O
비 온 다음날 출근길에 오토바이 교통사고를 당해 입원했습니다,O O O S-LOC O S-ACC O O
퇴근하다 교통사고가 나서 병원 입원중입니다,S-LOC S-ACC O O O
회사에서 일을하다 발목골절 사고가 발생하였읍니다,S-LOC O S-INJURY O O
출근도중에 4거리에서 좌회전 신호를 기다리고 있던 도중 뒤에서 차가 받아서 병원에 입원하게 되었습니다,O O O O O O O O B-ACC E-ACC O O O
대형 프렌차이즈 매장의 배달 아르바이트를 하다가 사고가 났습니다.,O O O O S-LOC O O O
건설 현장에서 일하다가 추락 사고로 갈비뼈 두대 부러졌습니다,B-LOC E-LOC O S-ACC O B-INJURY O E-INJURY
공장에서 근무하다가 청소중 팔이 레일에 끼였어요,B-LOC E-LOC O O B-ACC E-ACC
얼굴이 설비에 협착되는 일 이 있었어요,O B-ACC E-ACC O O O
저는 건설회사(노가다)에 근무하다가 업무중 지상에서 낙하하는 물체에 가슴이 부딪쳤습니다.,O O O S-LOC O O B-ACC O E-ACC
회사에서 작업중 손가락 끼임사고로 오른손 두번째손가락 첫마디가 골절되고 피부도 찟기는 사고를 당했습니다.,O S-LOC O S-ACC O B-INJURY I-INJURY E-INJURY B-INJURY E-INJURY O O
지난 주에 손가락 끼임으로 인해 타박상 및 철과상을 입었고 반깁스를 했습니다.,O O B-ACC E-ACC O S-INJURY O S-INJURY O O O
물류 일용직 아르바이트를 하다 컨베이어 벨트에 끼임사고를 당했습니다,O O S-LOC O O O S-ACC O
저희남편이 부산에서 일을 하다가 손가락 끼임을 당해서 뼈가 조각나는 사고를 당했어요,O O S-LOC O B-ACC E-ACC O B-INJURY E-INJURY O O
지게차 끼임 사고로 개방성 무릎골절이 되었어요,B-ACC E-ACC O O O O
식당주방에서 근무중 뜨거운 식용유로 화상을 입었어요,O S-LOC O O S-INJURY O
일하다가 무거운 물체에 오른쪽 어깨를 깔리고 어깨수술 했어요,S-LOC O E-ACC O O E-ACC S-INJURY O
배달중 단독 사고 야간 주행중 갑자기 튀어나온 동물과충돌후 오토바이에 무릎이 깔림으 전방십자인대 파열 진단을 받고 입원중에 있습니다,S-LOC O O O O O O B-ACC I-ACC E-ACC O B-INJURY E-INJURY O O O O
식당에서 일하는중 화상을 입었어요 요양비용 청구가 될까요?,O S-LOC S-INJURY O O O O
지게차를 운전하다가 끼여서 수술을 했어요,B-ACC O E-ACC O O
아버지가 일을하시다가 손가락이 끼여 수술을 했습니다. 관련 자료 보여주세요,O S-LOC O S-ACC O O O O O
식당 주방에서 근무중 위에서 떨어지는 물건에 깔려 골절됬어요,O O S-LOC O O B-ACC E-ACC S-INJURY
배달 일을 하다가 교통사고 나서 다리가 부러졌어요,O S-LOC O S-ACC O B-INJURY E-INJURY
주방에서 청소하는 중에 미끄러져서 갈비뼈가 골절 되었어요,O O O S-ACC B-INJURY E-INJURY O
퇴근 하다가 뒤에 오는 차에 교통사고가 나서 입원중이에요,S-LOC O O O O S-ACC O O
비오는 날에 배달 일을 하다가 미끄러져 입원중이에요,O O S-LOC O O S-ACC O
사다리 작업을 하는중 떨어져 입원했습니다. 요양비용에 대해 알려주세요,O S-LOC O S-ACC O O O O
공장에서 일을 하는중 벨트에 손이끼어 절단 되었어요,S-LOC O O O S-ACC S-INJURY O
작업중에 무거운 물건때문에 손가락이 골절되었어요,S-LOC O O B-INJURY E-INJURY
공장에서 청소중에 미끄러져 다리가 부러졌어요,S-LOC O S-ACC B-INJURY E-INJURY
배달 아르바이트를 하다가 사고가 나서 수술했어요,O S-LOC O O O O
작업중에 재단기에 손가락이 절단되어 봉합수술 했어요,S-LOC O B-INJURY E-INJURY O O
식당에서 배달원으로 일하는중에 교통사고 나서 입원했어요,O O S-LOC S-ACC O O
건설 현장에서 무거운 물건을 옮기다가 깔렸어요 현재 입원중입니다.,S-LOC O O O O S-ACC O O
지붕 수리를 하던중 추락해서 다리와 갈비뼈가 부러졌어요,O O O S-ACC O B-INJURY E-INJURY
철골 작업을 하다가 추락사고를 당해서 현재 수술을 받았어요,O S-LOC O S-ACC O O O O
비닐을 밟고 미끄러져 철조물에 허벅지가 베이는 사고가 발생하였고 봉합수술을 하였습니다,O O S-ACC O B-INJURY E-INJURY O O O O
작업중에 미끄러져 철조물에 찔려 봉합수술을 했습니다.,S-LOC S-ACC O O S-INJURY O
직장동료가 커터칼에 손가락을 깊게 베여서 인대가 절단되었어요,O O O O S-ACC B-INJURY E-INJURY
식당에 일하시는 아주머니께서 출근하시다가 주방에서 넘어지면서 하체쪽 관절을 다치셨어요 수술도 하셔서 3달간 입원하셔야 하는거 같아요,O O O S-LOC O S-ACC O B-INJURY E-INJURY O O O O O O
어머니가 식당 에서 1일 아르바이트 형식으로 근무를 하시다 식당에서 미끄러져서 뼈에 금이가는 부상을 입으시고 병원에서 3주째 입원 중이십니다,O O O O S-LOC O O O O S-ACC B-INJURY E-INJURY O O O O O O
건설 현장에서 붕괴된 철조물에 깔려 갈비뼈가 부러졌어요,B-LOC E-LOC O B-ACC E-ACC B-INJURY E-INJURY
배달원으로 일하던중 교통사고가 나서 팔이 부러졌어,O S-LOC S-ACC O B-INJURY E-INJURY
재단기를 사용하다가 손가락이 절단되었어,O O B-INJURY E-INJURY
건설 작업중 추락해서 다리 골절로 입원중이에요,O S-LOC S-ACC B-INJURY E-INJURY O
지붕에서 일을 하다가 낙상을 해서 현재 수술후 입원중이에요,O S-LOC O S-ACC O O O O
쿠팡 배송중 교통사고 났어요,O S-LOC S-ACC O
배민 커넥트를 자전거 타고 일하던중 트럭에 부딪혀 허리가 골절되었어요,O O O O S-LOC B-ACC E-ACC B-INJURY E-INJURY
작업하는 기계에 손이 끼여 절단 하는 사고가 발생했어요 현재 봉합수술했어요,O B-ACC O E-ACC S-INJURY O O O O O
현장에서 낙상했는데 관련 산재 판결문 보여줄래?,S-LOC S-ACC O O O O
치킨집 배달중 지나가던 버스와 교통사고 났어요. 현재 팔다리가 모두 골절이야,O S-LOC O O S-ACC O O B-INJURY O E-INJURY
일하는 도중 무거운 물건이 떨어져 가슴에 부딪쳤고 갈비뼈가 부러졌어요,S-LOC O O B-ACC E-ACC O O B-INJURY E-INJURY
업무를 하던중 손가락이 끼였어요 현재 수술을 받았습니다.,S-LOC O O S-ACC O O O
식당에서 근무중 미끄러져 다리와 팔이 부러졌어요,O S-LOC S-ACC B-INJURY I-INJURY E-INJURY
회사에서 일하다 2층 5미터 높이에서 떨어졌어요.,O S-LOC O O O S-ACC
"작업중에 2미터정도 높이에서 추락하여 옆구리와 머리에
 충격을 입었읍니다",S-LOC O O S-ACC O B-INJURY E-INJURY O
산재로 추락사고를 입어 허리가 부러졌습니다.,O S-ACC O B-INJURY E-INJURY
"닷새전 퇴근길에 교통사고를 당해
 오른쪽 팔 요골 골절로 바로 수술받고 입원중에 있습니다",O S-LOC S-ACC O O B-INJURY I-INJURY E-INJURY O O O O
퇴근길에 교통사고로 입원했습니다.,S-LOC S-ACC O
야근(새벽1시) 후 택시타고 퇴근길에 교통사고가 났습니다.,O O O S-LOC S-ACC O
"회사에서 작업하다 카고 크레인에 협착사고로 7개월째
 입원중입니다",S-LOC O O O S-ACC O O
제가 같이 일하던 직원하고 일하다가 손이 한쪽 협착 되서 급히 장비 off하여 엄지손가락 한마디 없어졌습니다.,O O O O S-LOC O O S-ACC O O O O B-INJURY E-INJURY O
회사에서 근무중에 화물에 손가락이 끼이는 사고가 발생햇습니다,O S-LOC B-ACC O E-ACC O O
배관일을 하는중 같이일하는 사람의 부주의로 파이프와 파이프사이 오른손 중지 손가락이 협착되어 전치2주 진단을 받았습니다,B-LOC E-LOC O O O O O O O O S-ACC O O O
근무중에 자동 조립기에 새끼손가락이 협착되어 골절되고 신경의 대부분이 손상되었어요,S-LOC O O O S-ACC S-INJURY O O O
회사에서 일하다가 허리와 엄지손가락 협착사고를 당했습니다.,O S-LOC O O S-ACC O
일하는 도중 손가락 협착사고 당했어요,S-LOC O O S-ACC O
"제 어머니가 일을 하시다가 같은 사업장 직원이 운전하는 지게차에 발이 밟혀 중족골이 두군데 골절, 입방뼈 골절로 수술을 받게 되었어요",O O S-LOC O O O O O B-ACC O E-ACC O O S-INJURY O S-INJURY O O O
근무중에 화물에 손가락이 끼이는 사고가 발생했어요,S-LOC B-ACC O E-ACC O O
일을 하다가 자동 조립기에 새끼손가락이 협착되어 신경의 대부분이 손상되었어요,S-LOC O O B-ACC O E-ACC O O O
야근후 퇴근길에 교통사고가 났습니다.,O S-LOC S-ACC O
업무중에 추락하여 옆구리와 머리에 충격을 입었어요,S-LOC S-ACC B-INJURY I-INJURY E-INJURY O
근무중에 화물에 손가락이 끼였어요,S-LOC B-ACC O E-ACC
식당 에서 근무를 하시다 식당에서 미끄러져서 뼈에 금이가는 부상을 입었어요,O O S-LOC O O S-ACC B-INJURY E-INJURY O O
배달중 단독 사고로 입원중에 있습니다,S-LOC O O O O
무거운 물체를 나르는 회사에서 근무를 하다 작년 12월 말경 허리를 삐끗햇습니다,O O O O S-LOC O O O O B-INJURY E-INJURY
근무중 미끄러져서 어깨탈골로 수술을 받았어,S-LOC S-ACC B-INJURY E-INJURY O
건설 현장에서 해체작업을 하던중 붕괴된 물체에 깔려 갈비뼈에 금이 갔어요,B-LOC E-LOC O O O B-ACC E-ACC B-INJURY E-INJURY O
파이프가 떨어지는 사고로 입원 했어요 요양비용 청구 가능할까?,B-ACC E-ACC O O O O O O
배민커넥트 킥보드 배달 도중 트럭에 부딪혀 다리 부분이 부서져 입원했어요,O O S-LOC O B-ACC E-ACC B-INJURY O E-INJURY O
조선소에서 일을하다 설비에 협착되는 큰 사고를 당했습니다.,O S-LOC B-ACC E-ACC O O O
건물지붕에서 작업을 하다가 6m정도 되는 높이에 떨어져 입원했어요,O S-LOC O O O O S-ACC O
건물지붕에서 수리를 하다가 떨어져 긴급 수술을 받았습니다,O S-LOC O S-ACC O O O
오늘 쿠팡맨 배송중 트럭에 의해 사고가 났습니다.,O O S-LOC B-ACC O E-ACC O
쿠팡맨 배송직 일을 하다가 마주오는 승용차에 사고가 났습니다.,O S-LOC O O O B-ACC E-ACC O
공장에서 벨트에 손이협착되여 손가락이 대부분 절단되는 사고였습니다.,O B-ACC E-ACC B-INJURY O E-INJURY O
작동되는 벨트에 손이협착되여 오른쪽 3개를 수술해야 했습니다,O B-ACC E-ACC O O O O
쿠팡잇츠 배달 알바하던 중 버스와 교통사고가 났습니다,O B-LOC E-LOC O O S-ACC O
쿠팡잇츠 배달 중 트럭에 교통사고가 났습니다,O S-LOC O O S-ACC O
비 오는날 배달업무를 하다가 교통사고를 당해 입원했습니다,O O S-LOC O S-ACC O O
비 오는날 짜장면 배달을 하다가 교통사고를 당해 입원했습니다,O O O S-LOC O S-ACC O O
손가락 끼임으로 인해 타박상 및 철과상을 입었어요,O S-ACC O S-INJURY O S-INJURY O
남편이 일을하다가 손가락이 끼여서 뼈가 조각났어요,O S-LOC O S-ACC B-INJURY E-INJURY
식당에서 배달원으로 일하는중에 교통사고 나서 다리가 골절됬어요,O O S-LOC S-ACC O B-INJURY E-INJURY
일을 하다가 미끄러져 철조물에 찔려 봉합수술을 했어요,S-LOC O S-ACC O O O O
현장에서 붕괴된 철조물에 깔려 다리가 부러졌어요,S-LOC O B-ACC E-ACC B-INJURY E-INJURY
현장에서 낙상해서 뼈가 조각나서 입원했어요,S-LOC S-ACC B-INJURY E-INJURY O
현장에서 청소하다 기계에 있던 물체가 튀어나와서 얼굴을 다쳤어요,S-LOC O O O O O O O
고층에서 업무하다가 낙상해서 갈비뼈가 다 부러졌어요,O S-LOC S-ACC B-INJURY O E-INJURY
배송 일을 하다가 며칠전 트럭에 사고가 났습니다.,B-LOC E-LOC O O O O O
미끄러져서 인대가 끊어져서 수술을 받았어요,S-ACC B-INJURY E-INJURY O O
같이 일하는 동료가 추락사고를 당해서 목에 심한 부상을 입었어,O O O S-ACC O B-INJURY O E-INJURY O
화상으로 얼굴에 흉터가 남을 것 같아요,S-INJURY O O O O O
공장에서 일을하다 손이 설비에 협착되는 큰 사고를 당했어요,S-LOC O O B-ACC E-ACC O O O
미끄러져 철조물에 찔려 수술을 했어,S-ACC O O O O
손가락 협착으로 인해 수술을 받았어요,O S-ACC O O O
직장동료가 일을하다가 손가락이 끼여서 골절 됐어요,O S-LOC O S-ACC S-INJURY O
일하던 도중 화물차 난간에서 미끄러져 떨어지면서 왼쪽무릎 전후방 십자인대 끊어졌어요,S-LOC O O O O S-ACC O O B-INJURY E-INJURY
어머니께서 식당에서 근무하다가 화상을 입었어요,O O S-LOC S-INJURY O
식당에서 어머니가 넘어지져서 인대가 파손되었어요,O O S-ACC B-INJURY E-INJURY
식당에서 근무하시던 어머니가 깨진 접시를 만지다 손에 유리가 들어가 수술했어요,O S-LOC O O O O O O O O
식당 주방에서 물건에 맞아서 골절됬어요,O O B-ACC E-ACC S-INJURY
식당에서 일을 하시던 어머니가 미끄러져서 십자인대가 끊어져 수술했어요,O S-LOC O O S-ACC B-INJURY E-INJURY O
비오는 날 배민 아르바이트를 하다가 교통사고가 나서 현재 다리가 부러져서 수술했습니다.,O O O S-LOC O S-ACC O O B-INJURY E-INJURY O
배민 커넥트를 전동 자전거를 타면서 이동중에 미끄러져서 팔이 부러졌어요,O O O O O O S-ACC B-INJURY E-INJURY
전동 자전거를 타고 배달 아르바이트를 하던중에 마주오던 차에 부딪혀 입원중입니다.,O O O B-LOC E-LOC O O B-ACC E-ACC O
배달 일을 하고 계단에서 내려오다가 넘어져서 팔다라가 부러졌어요,B-LOC E-LOC O O O S-ACC B-INJURY E-INJURY
쿠팡에서 물류 일을 하고 있는데 물건을 꺼내다 무거운 물체에 맞아 타박상과 골절을 당했어요,O O S-LOC O O O O O B-ACC E-ACC B-INJURY E-INJURY O
쿠팡 배송을 하다가 계단에서 넘어져서 팔에 골절이 생겼어요,O S-LOC O O S-ACC B-INJURY E-INJURY O
새벽 배송 일을 하다가 미끄러져서 교통사고를 당했어요,O B-LOC E-LOC O O S-ACC O
건물 지붕에서 일을 하다가 5층 높이에서 떨어져 팔 다리가 모두 골절되어 입원중입니다,O O S-LOC O O O S-ACC B-INJURY I-INJURY O E-INJURY O
수리 작업을 하다가 추락하여 입원중입니다.,O S-LOC O S-ACC O
사다리 위에서 일을 하다가 낙상하였습니다.,O O S-LOC O S-ACC
사다리 위에서 수리 작업을 하던중 추락하여 골절을 입고 현재 입원중입니다.,O O O S-LOC O S-ACC S-INJURY O O O
치킨 배달원으로 일하던중 교통사고 났습니다.,O O S-LOC S-ACC O
비 온 다음날 출근길에 미끄러져 교통사고를 당했습니다.,O O O S-LOC O S-ACC O
비 오는날 배달일을 하러 가던중 차가 미끄러져 사고를 당했습니다.,O O S-LOC O O B-ACC E-ACC O O
출근 중에 뒤에서 차가 박아서 병원에 입원했어요,S-LOC O O B-ACC E-ACC O O
출근 중에 교통사고가 나서 병원에 입원했어요,S-LOC O S-ACC O O O
회사 출근 중에 교통사고가 나서 수술했습니다.,O S-LOC O S-ACC O O
설비를 청소하다가 팔이 끼여 손이 골절됬어요,O O O S-ACC B-INJURY E-INJURY
위에서 떨어지는 설비물체에 맞아 팔이 골절되고 타박상을 입었어요,O B-ACC I-ACC E-ACC B-INJURY E-INJURY S-INJURY O
공장 현장에서 날라오는 물체에 맞아 현재 입원중입니다.,B-LOC E-LOC O B-ACC E-ACC O O
작업 현장에서 떨어지는 물체에 충돌하여 현재 수술후 입원하였습니다.,B-LOC E-LOC O B-ACC E-ACC O O O
건설 현장에서 해체작업을 하다가 깔려 입원하였습니다.,B-LOC E-LOC O O S-ACC O
비계파이프에 충돌하여 좌상을 입었어요,B-ACC E-ACC S-INJURY O
손가락 끼임으로 인해 입원했습니다. 요양비용에 대해 알려주세요.,O S-ACC O O O O O
기계에 손가락이 끼여 타박상 및 철과상을 입었습니다.,B-ACC O E-ACC S-INJURY O S-INJURY O
설비 부품에 맞아 철과상을 입었습니다.,O B-ACC E-ACC S-INJURY O
아버지가 떨어지는 부속물에 머리를 맞아 사망했습니다.,O B-ACC I-ACC O E-ACC S-INJURY
철골빔에서 작업을 하다가 떨어져 뇌진탕 진단을 받았습니다.,O S-LOC O S-ACC S-INJURY O O
남편이 철골 작업을 하다가 추락하여 사망했습니다.,O O S-LOC O S-ACC S-INJURY
남편이 철골빔에서 작업중 떨어져 현장에서 사망했습니다.,O O S-LOC S-ACC O S-INJURY
부속품을 나르던 지게차에 부딪혀 팔과 다리가 골절되어 입원중입니다.,O O B-ACC E-ACC B-INJURY I-INJURY E-INJURY O
건설 현장에서 마주오던 크레인에 부딪혀 입원중입니다.,B-LOC E-LOC O B-ACC E-ACC O
운송 차량에서 떨어지는 물체에 맞고 뇌진탕 진단을 받고 입원중입니다,O O B-ACC E-ACC S-INJURY O O O O
4층에서 떨어지는 물체에 맞아 팔이 부러져 수술을 받고 입원했어요,O O B-ACC E-ACC B-INJURY E-INJURY O O O
지게차에 협착되어 손가락을 절단했어요,B-ACC E-ACC B-INJURY E-INJURY
지붕 작업을 하다가 떨어졌어요,O S-LOC O S-ACC
지붕 수리작업을 하다가 추락하였습니다.,O S-LOC O S-ACC
같이 일하는 직원이 4층 높이에서 추락했어요,O O O O O S-ACC
같이 일하는 직원이 10층 높이에서 떨어졌어요,O O O O O S-ACC
공사장 크레인 적재물 낙하사고가 있었어요,O O B-ACC E-ACC O
물류 센터 현장에서 낙하하는 물건에 머리를 다쳤는데요,O O S-LOC B-ACC E-ACC B-INJURY E-INJURY
아버지께서 공사현장에서 일을 하시다가 실내 구조물이 낙하하여 부상을 당하셨습니다,O S-LOC O O O B-ACC E-ACC O O
회사 지시로 사다리를 타고 천장 작업을 하다가 사다리 발받침부위가 파손되면서 낙하사고가 났습니다.,O O O O O S-LOC O O O O S-ACC O
중량물 낙하사고로 늑골 등 상체가 골절되었습니다.,O S-ACC B-INJURY O O E-INJURY
아파트 27층에서 페인트 작업 중 낙상 사고로 팔이 부러졌습니다.,O O O S-LOC O B-ACC O B-INJURY E-INJURY
엘리베이터 설치 중 3층에서 낙하되어 신경외과에서 수술을 했습니다.,O O O O S-ACC O O O
아버님이 빌라 건설 현장에서 3일 정도 일하시다가 벽돌이 낙하하여 머리를 다치셨어요,O O B-LOC E-LOC O O O B-ACC E-ACC B-INJURY E-INJURY
저희 어머니가 공장에서 일 하시다가 프레스 설비 노후로 인해 올라가던 중 낙하 해서 화상을 입고 다리에 뼈가 부러졌다고 합니다.,O O S-LOC O O O O O O O O S-ACC O S-INJURY O O B-INJURY E-INJURY O
아버님이 빌라 건설 현장에서 3일 정도 일하시다가 벽돌이 낙하하여 머리를 다치셨어요,O O B-LOC E-LOC O O O B-ACC E-ACC B-INJURY E-INJURY
지붕에서 썬라이트 철거 도중 낙하되면서 아래로 떨어졌어요.,O O O O O O S-ACC
작업을 하다가 파이프 낙하로 좌측 엄지 발가락 골절상을 입었는데요.,S-LOC O B-ACC E-ACC O O B-INJURY E-INJURY O
현수막 작업을 하던 중 크레인 와이어가 끊어져 낙하했고 한쪽눈에 상해를 입었습니다.,O S-LOC O O O O O S-ACC B-INJURY E-INJURY O
건설 현장에서 운반중 물건이 낙하되면서 발 뒷굽 살 덩어리가 떨어져 이식수술을 하였습니다.,B-LOC E-LOC O B-ACC E-ACC O O O O O S-INJURY O
제가 일을 하다 낙하로 인하여 인대가 파손되었습니다.,O S-LOC O S-ACC O B-INJURY E-INJURY
2014년 초 낙하사고로 우측 어깨 충격으로 인해 쇄골 골절되었습니다.,O O S-ACC O O O O B-INJURY E-INJURY
식당에서 시설물 낙하로 같이 떨어져 다리를 심하게 다쳤습니다.,O B-ACC E-ACC O S-ACC B-INJURY O E-INJURY
엄지 손가락을 5m쯤에서 낙하하는 쇳덩이에 맞아 손가락이 부었습니다.,O O O B-ACC E-ACC O B-INJURY E-INJURY
자재 낙하로 인해 발가락 골절을 입었습니다.,B-ACC E-ACC O B-INJURY E-INJURY O
회사에서 낙하사고로 갈비뼈가 골절되고 외상성 기흉으로 입원치료를 받았습니다.,S-LOC S-ACC B-INJURY E-INJURY B-INJURY E-INJURY O O
현장에서 낙하 사고로 양쪽 뒷꿈치 쪽이 골절되었습니다.,S-LOC S-ACC O O B-INJURY O E-INJURY
건설업 현장에서 자재낙하로 인하여 팔을 다쳤습니다.,O S-LOC S-ACC O B-INJURY E-INJURY
아버지가 농협에서 쌀 포대를 운반하시다 낙하해서 다치시고 뇌수술이랑 목수술을 했습니다.,O O O O O S-ACC O S-INJURY S-INJURY O
작업중 계단에서 낙하하여 무릎내측인대 파열로 입원중에 있습니다.,S-LOC O S-ACC B-INJURY E-INJURY O O
근무 중 낙하사고로 무릎 골절이 발생하였습니다.,S-LOC O S-ACC B-INJURY E-INJURY O
낙하한 파이프에 손가락을 타격받아 골절이 발생하였습니다.,O B-ACC O E-ACC S-INJURY O
일하던 도중 높은곳에서 낙하하여 오른쪽 발목 뼈가 부서지는 바람에 수술을 하였습니다.,S-LOC O O S-ACC O O B-INJURY E-INJURY O O O
같이 일한 직원이 작업도중 낙하하여 뇌손상으로 수술후 사망했어요,O O O S-LOC S-ACC S-INJURY O S-INJURY
작업중 낙하로 인하여 중골 관절상해가 발생되었습니다.,S-LOC S-ACC O B-INJURY E-INJURY O
회사에서 일하다가 크레인 낙하사고로 왼쪽 발 절단사고를 당했습니다.,S-LOC O B-ACC E-ACC O B-INJURY E-INJURY O
회사에서 낙하사고를 당하여 척추 골절을 입었습니다.,S-LOC S-ACC O B-INJURY E-INJURY O
크레인 낙하 사고로 왼쪽 발 불완전 절단을 했습니다.,B-ACC E-ACC O O B-INJURY I-INJURY E-INJURY O
제가 근무 하던 중 낙하로 인해 머리를 다쳤습니다.,O S-LOC O O S-ACC O S-INJURY O
제가 낙하해서 손목이 부러졌습니다.,O S-ACC B-INJURY E-INJURY
일하는도중 물건 낙하에 의해 손톱이 빠지는 재해를 당했습니다.,S-LOC B-ACC E-ACC O B-INJURY E-INJURY O O
물건이 낙하하여 뼈가 부러졌습니다.,B-ACC E-ACC B-INJURY E-INJURY
작업 중 물체 낙하로 손가락 끝 부분이 골절되었습니다.,S-LOC O B-ACC E-ACC B-INJURY O O E-INJURY
크레인 작업 중 구조물 낙하로 크레인 운전자가 사망하였습니다.,O S-LOC O B-ACC E-ACC O O S-INJURY
건설현장에서 상수도관을 연결 중 상수도관이 머리에 부딪혀 사망하였습니다.,S-LOC O O O B-ACC O E-ACC S-INJURY
회사 현장에서 설비를 조립하다 설비가 전도되면서 발과 발목이 깔리는 사고를 겪었습니다.,B-LOC E-LOC O O B-ACC E-ACC O O S-ACC O O
아버지가 테니스장 조명교체 일을 하시던중 고소작업차가 전도되어 추락 사망 하였습니다.,O O O S-LOC O B-ACC E-ACC S-ACC S-INJURY O
고소작업 스카이 작업중 차량전도로 인해 작업자가 다쳤습니다.,O O S-LOC S-ACC O O O
저는 출퇴근중 자전거를 타고 가던 중 파란불 신호인 횡단보도에서 차량과 충돌하였습니다.,O S-LOC O O O O O O O B-ACC E-ACC
회사에서 일 하던중 지게차와 충돌하여 왼쪽 다리를 다쳤습니다.,S-LOC O O B-ACC E-ACC O B-INJURY E-INJURY
근무 도중 어깨가 벽에 충돌하여 재해를 입었습니다.,S-LOC O O B-ACC E-ACC O O
퇴근 중 눈길에 미끌려 역주행한 트럭에 충돌하여 사고가 발생했습니다.,S-LOC O O O O B-ACC E-ACC O O
제가 회사에서 일을 하다 검지와 중지가 협착되는 사고를 당했습니다.,O S-LOC O O O O S-ACC O O
회사에서 일하던 도중 오른쪽 엄지 손가락이 혼합기에 협착되어 절단되는 사고를 당하였습니다.,B-LOC E-LOC O O O O B-ACC E-ACC S-INJURY O O
작업중 지게차에 발목이 협착되는 사고를 당했어요,S-LOC B-ACC O E-ACC O O
회사에서 일하다 동료의 실수로 손가락 협착사고가 발생하였습니다.,S-LOC O O O O S-ACC O
일하다 기계에 협착사고로 엄지손가락을 제외한 나머지 손들이 절단되는 사고를 당했습니다.,S-LOC B-ACC E-ACC O O O B-INJURY E-INJURY O O
오늘 아침에 작업을 하다가 협착 사고로 손가락이 부러졌습니다.,O O S-LOC O S-ACC O B-INJURY E-INJURY
배관공으로 근무하던 중 손가락이 협착되어 괴사가 진행되었습니다.,O S-LOC O O S-ACC S-INJURY O
회사 현장에서 프레스에 팔꿈치 쪽이 협착되는 사고가 있었습니다.,B-LOC E-LOC B-ACC O O E-ACC O O
건설 현장에서 크레인 적재물에서 떨어지는 물체에 맞는 사고가 있었어요,B-LOC E-LOC O O O B-ACC E-ACC O O
현장에서 크레인 적재물이 떨어져서 다치는 사건이 있었어요,S-LOC O B-ACC E-ACC O O O
공사 현장에서 적재물 낙하사고로 어깨에 골절이 생겼어요,B-LOC E-LOC B-ACC E-ACC B-INJURY E-INJURY O
물류 센터에서 일을 하다가 떨어지는 물건에 머리를 다쳤어요,O O S-LOC O B-ACC E-ACC B-INJURY E-INJURY
물류 센터 현장에서 떨어지는 물체에 맞았어요.,O O S-LOC B-ACC I-ACC E-ACC
현장에서 일을하다가 낙하하는 물건에 머리를 맞는 사고가 있었어요,S-LOC O O B-ACC O E-ACC O O
같이 일하는 직원이 현장에서 일하다 실내 구조물이 떨어져 머리에 맞았어요,O O O S-LOC O O B-ACC I-ACC O E-ACC
같이 일하는 직원이 떨어지는 실내 구조물에 맞았어요,O O O O O B-ACC E-ACC
동료가 떨어지는 실내 구조물에 맞는 사고가 있었어요,O O O B-ACC E-ACC O O
현장에서 낙하하는 실내 구조물에 부상을 당하였어요,S-LOC B-ACC O E-ACC O O
현장에서 떨어지는 실내 구조물에 맞아 다쳤어요,S-LOC B-ACC O I-ACC E-ACC O
아버지께서 현장에서 일을 하다가 실내 구조물이 떨어져서 부상을 다하셨어요,O S-LOC O O O B-ACC E-ACC O O
아버지께서 근무중 떨어지는 실내 구조물에 맞아 입원하셨어요,O S-LOC B-ACC O I-ACC E-ACC O
회사의 업무로 사다리를 타고 천장 작업을 하다 낙하사고가 발생했습니다.,B-LOC E-LOC O O O O O S-ACC O
회사의 업무로 사다리를 타고 천장 작업을 하던중 떨어지는 사고가 생겼어요,B-LOC E-LOC O O O O O S-ACC O O
업무중 사다리에서 떨어지는 사고가 있었어요,S-LOC O S-ACC O O
업무를 하다가 사다리에서 떨어졌어요,S-LOC O O S-ACC
업무중 사다리에서 추락했어요,S-LOC O S-ACC
천장 작업을 하는데 사다리에서 떨어져서 부상을 당했어요,O S-LOC O O S-ACC O O
건설 현장에서 낙하하는 벽돌에 머리를 다치셨어요,B-LOC E-LOC B-ACC E-ACC B-INJURY E-INJURY
현장에서 떨어지는 벽돌에 머리를 맞아 부상을 당하셨어요,S-LOC B-ACC I-ACC O E-ACC O O
빌라 건설 현장에서 일하다가 벽돌을 머리에 맞았어요,O S-LOC E-LOC O B-ACC O E-ACC
근무중에 떨어지는 벽돌에 맞아 사망했어요,S-LOC O B-ACC E-ACC S-INJURY
현장에서 크레인 와이어가 끊어져 추락했고 상해를 입었습니다.,S-LOC O O O S-ACC O O
크레인 와이어가 끊어져 낙하하는 사고로 인해 상해를 입었어요,O O O S-ACC O O O O
현장에서 운반중이던 물건이 떨어지면서 상해를 입었어요,S-LOC O B-ACC E-ACC O O
건설 현장에서 운반중이던 물건에 맞아 부상을 입었습니다.,B-LOC E-LOC O B-ACC E-ACC O O
현장에서 운반 중이던 물건에 맞아 입원했습니다.,S-LOC O O B-ACC E-ACC O
낙하하는 쇳덩이에 맞아 어깨 골절이 생겼어요,O B-ACC E-ACC B-INJURY E-INJURY O
떨어지는 쇳덩이에 맞아 입원했어요,O B-ACC E-ACC O
현장에서 낙하하는 쇳덩이를 맞아서 부상을 당했어요,S-LOC O B-ACC E-ACC O O
현장에서 낙하하는 쇳덩이를 맞아서 상해를 입었어요,S-LOC O B-ACC E-ACC O O
현장에서 낙하사고로 인해 골절이 되었어요,S-LOC S-ACC O S-INJURY O
건설 현장서 자재가 낙하해서 다리를 다쳤습니다.,B-LOC E-LOC B-ACC E-ACC B-INJURY E-INJURY
현장에서 자재가 떨어지면서 머리에 맞아 부상을 입었어요,S-LOC B-ACC I-ACC O E-ACC O O
공사 현장에서 자재가 떨어지면서 상해를 입어 입원했어요,B-LOC E-LOC B-ACC E-ACC O O O
공사업에서 자재가 낙하해서 머리에 맞았어요,S-LOC B-ACC I-ACC O E-ACC
근무중 계단에서 추락하여 인대가 파손되었어요,S-LOC O S-ACC B-INJURY E-INJURY
낙하하는 파이프에 어깨를 맞아 어깨가 골절되었습니다.,O B-ACC O E-ACC B-INJURY E-INJURY
떨어지는 파이프에 맞아 팔이 부러지고 손가락이 골절되었어요,O B-ACC E-ACC B-INJURY E-INJURY B-INJURY E-INJURY
천장에서 물건이 낙하하여 머리에 맞아 사망했어요,O B-ACC I-ACC O E-ACC S-INJURY
천장에서 낙하하는 물체에 맞아 신경 및 근육이 파열되었어요,O B-ACC I-ACC E-ACC O O B-INJURY E-INJURY
고소작업차가 전도되어서 상해를 입었어요,O S-ACC O O
일을 하다가 고소작업차가 전도되어 사망했어요,O O O S-ACC S-INJURY
차량 전도로 인해서 갈비벼가 부서져서 입원했어요,B-ACC E-ACC O B-INJURY E-INJURY O
퇴근하다가 트럭에 충돌하여 사고를 당했어요,S-LOC B-ACC E-ACC O O
작업을 하다가 끼임 사고로 손가락이 부러졌어요,S-LOC O S-ACC O B-INJURY E-INJURY
작업 중 협착으로 인해 상해를 입었어요,S-LOC O S-ACC O O O
근무 중에 기계에 끼여서 절단 사고가 있었어요,S-LOC O B-ACC E-ACC O O O
일하는 도중 협착사고로 손가락 뼈가 부서졌어요,S-LOC O S-ACC O B-INJURY E-INJURY
제가 일을 하다가 손가락이 협착되는 사고가 있었어요,O S-LOC O O S-ACC O O
엘리베이터 작업중 추락하여 신경을 다쳤어요,O S-LOC S-ACC B-INJURY E-INJURY
업무로 엘리베이터 수리를 하다가 추락하여 상해를 입었어요,S-LOC O O O S-ACC O O
엘리베이터 수리 일을 하다가 떨어져 부상을 입었어요,O O S-LOC O S-ACC O O
엘리베이터 작업중에 추락해서 다리가 골절되었어요,O S-LOC S-ACC B-INJURY E-INJURY
낙하하는 물체를 막다 손가락이 골절되었어요,S-ACC I-ACC E-ACC B-INJURY E-INJURY
낙하하는 물체때문에 인대가 파손되었어요,S-ACC E-ACC B-INJURY E-INJURY
어깨에 낙하하는 물체를 맞아 어깨에 근육이 파열되었어요,O B-ACC I-ACC E-ACC O B-INJURY E-INJURY
떨어지는 물체를 어깨에 맞아 어깨의 신경이 손상되었어요,B-ACC I-ACC O E-ACC O B-INJURY E-INJURY
철거를 하던중 철거물에 깔려 갈비뼈가 골절되었어요,O O B-ACC E-ACC B-INJURY E-INJURY
철거 작업을 하는중에 떨어지는 물체에 맞아 부상을 입었어요,O S-LOC O B-ACC I-ACC E-ACC O O
현장에서 철거 업무를 하던중 낙하하는 물체에 상해를 입었어요,S-LOC O O O B-ACC E-ACC O O
공사현장에서 철거일을 하다가 철거물에 깔렸습니다.,S-LOC O O B-ACC E-ACC
건설 작업중 계단에서 떨어져서 다리 인대가 파열되었습니다.,B-LOC E-LOC O S-ACC O B-INJURY E-INJURY
떨어지는 물체에 손가락이 부딪혀 상해를 입었어요,B-ACC I-ACC O E-ACC O O
현장에서 떨어지는 물체에 부딪혀 뼈가 부서졌어요,S-LOC B-ACC I-ACC E-ACC B-INJURY E-INJURY
건설 현장에서 낙하하는 물체에 머리를 맞았어요,B-LOC E-LOC B-ACC I-ACC O E-ACC
계단에서 미끄러져 갈비뼈에 금이가고 다리가 부러졌습니다.,O S-ACC B-INJURY E-INJURY B-INJURY E-INJURY
자재가 떨어져서 머리에 맞았어요,B-ACC I-ACC O E-ACC
페인트 일을 하다가 추락하는 사건이 있었어요,O O O S-ACC O O
업무로 페인트칠을 하다가 고층에서 떨어졌습니다.,O O O O S-ACC
치킨집에서 기름 제거 청소를 하다가 손에 화상을 입었어요,O O O O O O S-INJURY O
요식업에서 일을 하는데 튀김을 튀기다 팔의 여러부위에 화상 사고를 당했습니다.,O S-LOC O O O O O S-INJURY O O
근무 중 화학 제품이 옷에 묻으면서 옷이 타들어가고 화상을 입었습니다.,S-LOC O O O O O O O S-INJURY O
일하다 턱과 어깨쪽에 화상을 입어서 입원치료를 하게 되었습니다.,S-LOC O O S-INJURY O O O O
회사에서 사고로 인해 2도의 화상을 입었고 피부이식수술을 하였습니다.,S-LOC O O O S-INJURY O O O
지인이 화학 공장에서 일을 하는데 약품이 폭발하여 전신 화상을 입었습니다.,O O O S-LOC O O S-ACC O S-INJURY O
건설 현장에서 알코올 폭발사고로 전신에 화상을 입었습니다.,B-LOC E-LOC O S-ACC O S-INJURY O
현장에서 용접을 하던중 왼쪽 다리에 화상을 입게되었습니다.,S-LOC O O O O S-INJURY O
일주일전 근무중에 얼굴 목 팔에 2도 화상을 입고 입원치료중입니다.,O S-LOC O O O B-INJURY E-INJURY O O
일을 하다가 화염으로 인해 화상을 입었습니다.,S-LOC O S-ACC O S-INJURY O
현장에서 가스가 폭발하여 화상을 입었습니다.,S-LOC O S-ACC S-INJURY O
일하는 중에 폭발에 의한 화염으로 얼굴과 목에 화상을 입었습니다.,S-LOC O S-ACC O O O O S-INJURY O
회사 근무중 전기폭발로 인해 손과 팔목에 심도성 2도 화상을 입어 피부이식 수술을 받았습니다.,O S-LOC S-ACC O O O O B-INJURY E-INJURY O O O O
금속도장공장에 근무하다가 갑작스런 폭발로 허벅지 쪽에 불이 붙어 2도 화상을 입었습니다.,O S-LOC O S-ACC O O O O B-INJURY E-INJURY O
저희 아버지께서 작업중 화재폭발 사고로 인해 몸 전체에 화상을 입었습니다.,O O S-LOC S-ACC O O O O S-INJURY O
제가 2월에 폭발사고로 다리에 화상을 입었습니다.,O O S-ACC O S-INJURY O
일하던중 가스 폭발로 얼굴과 손에 화상으로 병원에 입원중입니다.,S-LOC O S-ACC O O S-INJURY O O
에어컨 작업중 차단기 폭발로 인해 오른쪽팔에 화상을 입었습니다.,O S-LOC O S-ACC O O S-INJURY O
가스가 폭발하여 온몸에 화상을 입었습니다.,O S-ACC O S-INJURY O
회사에서 근무하던중 폭발사고가 나서 화상을 입었습니다.,O S-LOC S-ACC O S-INJURY O
최근 일용직으로 건설현장에서 일을하다 폭발사고로 전신화상을 입었습니다.,O O S-LOC O S-ACC S-INJURY O
건설 현장에서 알코올 폭발사고로 전신 화상을 입었습니다.,B-LOC E-LOC O S-ACC O S-INJURY O
작업중에 갑작스런 폭발로 다리에 화상을 입었습니다.,S-LOC O S-ACC O S-INJURY O
현장에서 폭발사고가 발생해서 화상치료를 받고있습니다.,S-LOC S-ACC O S-INJURY O
일을 하다가 가스가 폭발하여 전신에 화상을 입고 입원중입니다.,S-LOC O O S-ACC O S-INJURY O O
회사에서 폭발 사고로 인해서 전신 화상을 입고 현재 요양중입니다.,S-LOC B-ACC E-ACC O B-INJURY E-INJURY O O O
일을 하다가 화상을 입었습니다.,S-LOC O S-INJURY O
현장에서 가스 폭발 사건으로 화상을 입고 입원중입니다.,S-LOC B-ACC E-ACC O S-INJURY O O
현장에서 폭발사고로 인해 화상을 입고 입원 치료중입니다.,S-LOC S-ACC O S-INJURY O O O
현장에서 가스가 폭발하여 전신에 화상을 입었습니다.,S-LOC B-ACC E-ACC B-INJURY E-INJURY O
작업중 차단기 폭발로 화상을 입었습니다.,S-LOC B-ACC E-ACC S-INJURY O
현장에서 일을 하던중 갑작스러운 폭발로 전신에 화상을 입고 치료중입니다.,S-LOC O O O S-ACC B-INJURY E-INJURY O O
현장에서 추락해서 다리가 부러졌어요,S-LOC S-ACC B-INJURY E-INJURY
낙하하는 물체가 어깨에 떨어져서 어깨의 신경이 손상되었어요,B-ACC I-ACC O E-ACC O B-INJURY E-INJURY
떨어지는 물체에 맞아 발에 부상을 입었어요,B-ACC I-ACC E-ACC B-INJURY E-INJURY O
자재가 발에 떨어져 골절되었어요,B-ACC O E-ACC S-INJURY
철거도중 낙하하는 물체에 맞아 뇌졸증으로 사망했어요,O B-ACC I-ACC E-ACC S-INJURY S-INJURY
출근 중에 튀어나온 동물에 충돌하는 사고가 발생해서 현재 입원중이예여,S-LOC O O O S-ACC O O O O
출근을 하다가 도로에 나온 야생동물에 부딪혀 수술을 받았어요,S-LOC O O O B-ACC E-ACC O O
튀어나오는 야생동물에 교통사고를 당해서 입원중이에 있습니다.,O B-ACC E-ACC O O O
회사에서 퇴근하던중 계단에서 넘어져 다리가 골절되었어요,O S-LOC O S-ACC B-INJURY E-INJURY
회사에서 계단에서 넘어져 팔이 부러졌습니다.,O O S-ACC B-INJURY E-INJURY
건설혖장에서 날라오는 물건에 맞았어요,S-LOC O B-ACC E-ACC
동생이 배달 아르바이트를 하다가 교통사고를 당해 사망했어요,O B-LOC E-LOC O S-ACC O S-INJURY
동생이 비오는 날 배달을 하다가 미끄러져 교통사고를 당했어요,O O O S-LOC O O S-ACC O
일을 하다 컨베이어 벨트에 끼임사고를 당해 오른쪽 팔을 어깨절반까지 절단 했습니다.,S-LOC O B-ACC I-ACC E-ACC O O B-INJURY O E-INJURY O
새벽에 끼임 사고로 근로자가 사망했습니다.,O S-ACC O O S-INJURY
제조현장에서 제조 기계에 손가락이 끼임사고를 당하여 접합봉합수술을 받았습니다.,S-LOC O B-ACC O E-ACC O S-INJURY O
아버지께서 건설현장에 일을 하시다가 기계에 끼임으로 손가락을 다치셨어요,O S-LOC O O B-ACC E-ACC B-INJURY E-INJURY
배관 분리후 정리중 손가락 끼임 사고를 당했어요,O O O B-ACC E-ACC O O
"제가 일하다 왼쪽 무릎 부상으로 인해 입원,수술을 하였습니다.",O S-LOC O B-INJURY E-INJURY O O O
화학 물질이 몸에 묻어 화상을 입었습니다.,B-ACC E-ACC O O S-INJURY O
근무 하는 도중 화학 제품이 옷에 묻어 화상을 입고 치료중입니다.,S-LOC O O B-ACC E-ACC O O S-INJURY O O
화학 공장의 폭발로 화상 치료중입니다.,O B-ACC E-ACC S-INJURY O
공장에 폭발사고가 나서 전신에 화상을 입었습니다.,B-ACC E-ACC O B-INJURY E-INJURY O
화학 공장에서 약품이 폭발해서 화상을 입고 피부 이식수술을 받았습니다.,O O B-ACC E-ACC S-INJURY O O O O
업무를 하던 중 화학약품이 폭발해 손과 다리에 2도 화상을 입었습니다.,S-LOC O O B-ACC E-ACC O O B-INJURY E-INJURY O
화학 공장에서 업무를 하던중 몸에 묻은 약품이 타들어가서 화상을 입었습니다.,O O S-LOC O O O O O S-INJURY O
차단기에서 폭발사고 나서 몸에 화상을 입었습니다.,O B-ACC O O S-INJURY O
가스가 폭발하여 얼굴 전면에 1도 화상을 입게되었습니다.,B-ACC E-ACC O O B-INJURY E-INJURY O
화학공장에서 폭발사고가 발생해서 동료가 사망하였습니다.,O S-ACC O O S-INJURY
같이 일한 동료가 폭발로 인한 화염에 화상을 입었습니다.,O O O B-ACC O O S-INJURY O
같이 일하는 직원의 몸에 약품이 묻어 화상을 입고 입원하였습니다.,O O O O O O S-INJURY O O
작업중 폭발로 인해 전신에 70퍼센트 화상을 입었습니다.,S-LOC S-ACC O O O S-INJURY O
배관 작업을 하던중 손이 협착되었습니다.,O S-LOC O O S-ACC
출근 중 마주오는 차에 사고를 당했습니다.,S-LOC O O B-ACC E-ACC O
작업 중 손가락이 끼여 부상을 당했습니다.,S-LOC O B-ACC E-ACC O O
현장에서 가스가 폭발하여 화염으로 화상을 입었습니다,S-LOC B-ACC E-ACC O S-INJURY O
폭발에 의한 화염으로 몸에 화상을 입어 피부 이식을 받았습니다.,S-ACC O O O S-INJURY O O O O
건설 현장에서 폭발 사고로 인해 몸에 화상을 입었습니다.,B-LOC E-LOC S-ACC O O O S-INJURY O
현장에서 발생한 화염으로 다리에 화상을 입었습니다.,S-LOC O O O S-INJURY O
약품이 폭발하면서 발생한 화염으로 팔에 화상을 입고 치료중입니다.,B-ACC E-ACC O O O S-INJURY O O
현장에서 전기 폭발이 일어나 몸에 화상을 입었습니다.,S-LOC B-ACC E-ACC O O S-INJURY O
갑작스런 전기 폭발사고로 전신에 화상을 입었습니다.,O B-ACC E-ACC O S-INJURY O
아버지께서 근무중 폭발사고로 인해 몸에 화상을 입고 치료중이십니다.,O S-LOC S-ACC O O S-INJURY O O
같이 일하는 직원이 가스 폭발로 인한 화염에 전신 화상을 입어 입원하였습니다.,O O O B-ACC E-ACC O O B-INJURY E-INJURY O O
화학공장에 약품이 폭발해서 전신 화상을 입었습니다.,O B-ACC E-ACC B-INJURY E-INJURY O
전기 폭발 사고로 인한 화염으로 손과 팔에 2도 화상을 입었습니다.,B-ACC E-ACC O O O O O B-INJURY E-INJURY O
갑작스럽게 가스가 폭발하여 2도 화상을 입어 피부이식하였습니다.,O B-ACC E-ACC B-INJURY E-INJURY O O
일을 하다가 얼굴에 화상을 입어서 입원 치료를 하게 되었습니다.,S-LOC O O S-INJURY O O O O O
가스 폭발사고가 발생해서 화상을 입고 입원중입니다.,B-ACC E-ACC O S-INJURY O O
배관공으로 일을 하는도중 손가락 끼임 사건이 발생했어요,O S-LOC O B-ACC E-ACC O O
배관공으로 근무중에 손가락이 협착되어 절단되었어요,O S-LOC B-ACC E-ACC S-INJURY
배관공으로 근무중에 손가락이 끼여 절단되었어요,O S-LOC B-ACC E-ACC S-INJURY
추락하는 사고로 인해 골절되었습니다.,S-ACC O O S-INJURY
일을 하다가 떨어져 인대가 파손되어 수술했습니다.,S-LOC O S-ACC B-INJURY E-INJURY O
자재 떨어져서 골절 부상을 당했어요,B-ACC E-ACC B-INJURY E-INJURY O
회사 차량으로 외근중에 교통사고가 났어요,O O S-LOC S-ACC O
외근 중에 마주오는 트럭에 사고를 당했습니다.,S-LOC O O B-ACC E-ACC O
지붕 수리를 하다가 떨어져 팔이 부러졌어요,O O O S-ACC B-INJURY E-INJURY
일을 하다가 팔이 골절되었어요,S-LOC O B-INJURY E-INJURY
사고로 손가락 절단을 하고 재활 중이예요,O B-INJURY E-INJURY O O O
청소중에 팔이 끼여 근육조직이 손상되었어요,O O S-ACC B-INJURY E-INJURY
같이 일하는 동료가 기계를 청소하다가 팔이 끼여 신경에 손상을 입었어요,O O O O O B-ACC E-ACC B-INJURY E-INJURY O
설비를 청소하다가 협착되어 절다하는 사고를 당했어요,O O S-ACC S-INJURY O O
회사에서 일을 하다가 미끄러져 발목골절이 되는 사고가 발생했어요,O S-LOC O S-ACC S-INJURY O O O
아버지가 건설회사에서 일을 하다 붕괴되는 철조물에 깔려 사망했어요,O O S-LOC O O B-ACC E-ACC S-INJURY
직장동료가 붕괴되는 철조물에 파묻혀 사망했어요,O O B-ACC E-ACC S-INJURY
같이 일하는 직원이 떨어지는 설비에 부딪혀 뇌에 손상을 입었어요,O O O B-ACC I-ACC E-ACC B-INJURY E-INJURY O
떨어지는 설비품에 충돌하여 신경에 손상을 입고 수술 하였습니다.,B-ACC I-ACC E-ACC B-INJURY E-INJURY O O O
물류 일을 하다가 협착되는 사고를 당했습니다.,O S-LOC O S-ACC O O
친구와 아르바이트로 물류 일을 하다가 손이 끼였어요,O S-ACC O O O B-ACC E-ACC
물류업에서 근무를 하다가 손가락이 끼이는 사고가 발생했어요,O S-LOC O B-ACC E-ACC O O
어머니가 떨어지는 물체에 맞아 손의 신경이 손상되었습니다.,O B-ACC I-ACC E-ACC O B-INJURY E-INJURY
어머니가 식당에서 일을 하다가 미끄러져 다리가 부러지셨어요,O O S-LOC O S-ACC B-INJURY E-INJURY
배달 일을 하다가 오토바이가 미끄러져 교통사고 났어요,O S-LOC O O O S-ACC O
크레인에 협착되는 사고가 생겨 수술을 받고 입원중입니다.,B-ACC E-ACC O O O O O
건설 현장에서 크레인에 협착되어 수술을 받았어요,B-LOC E-LOC B-ACC E-ACC O O
현장에서 크레인에 끼여 입원중입니다.,S-LOC B-ACC E-ACC O
고층에서 일을 하다가 떨어져 머리에 심한 부상을 당했어요,O S-LOC O S-ACC B-INJURY O E-INJURY O
식당에서 근무하던 이모가 미끄러져서 어깨에 골절이 생겨 현재 수술을 받고 입원중이예요,O S-LOC O S-ACC O S-INJURY O O O O O
상하차 일을 하다보니 허리에 무리가 와 디스크가 생겼는데 요양비용 청구할수 있나요?,O S-LOC O O O O S-INJURY O O O O
택배 일을 하다가 허리를 삐끗했어요,B-LOC E-LOC O B-INJURY E-INJURY
택배 일을 하는데 무거운 물건을 나르다가 허리에 디스크가 생겼어요,B-LOC E-LOC O O O O B-INJURY E-INJURY O
무건운 물건을 옮기다가 허리를 삐끗했어요,O O O B-INJURY E-INJURY
퇴근하는중 마주오는 승용차에 부딪혀 입원했어요,S-LOC O B-ACC E-ACC O
동료가 작동중인 벨트에 손이끼여 손가락이 절단되는 사고가 있었어요,O O B-ACC E-ACC B-INJURY E-INJURY O O
직장 동료가 고층에서 일을 하다가 추락해서 사망했어요.,O O O S-LOC O S-ACC S-INJURY
같이 일하는 동료가 지붕 수리 작업을 하다가 낙상해서 사망했아요,O O O O O S-LOC O S-ACC S-INJURY
주방에서 화상으로 인해 흉터가 생겼어요,O S-INJURY O O O
주방에서 요리를 하는데 식용유가 튀어서 얼굴에 화상이 생겼어요,O O O B-ACC E-ACC O S-INJURY O
동료가 붕괴된 철조물에 깔려서 수술을 받았어요,O O B-ACC E-ACC O O
같이 일한 동료가 날라오는 물체에 맞아 현장에서 즉사했어요,O O O B-ACC I-ACC E-ACC O S-INJURY
직장동료가 출근을 하다가 교통사고가 나서 사망했어요,O S-LOC O S-ACC O S-INJURY
직장동료가 떨어지는 물건에 맞아 어깨에 큰 부상을 입었어요,O B-ACC I-ACC E-ACC O O O O
동료가 일을하다가 바닥에 있는 부품에 걸려 넘어져서 갈비뼈가 부러졌어요,O S-LOC O O O B-ACC E-ACC B-INJURY E-INJURY
같이 작업한 동료가 정리를 하다 기계에 손이 협착되어 수술을 받았어요,O O O O O B-ACC O E-ACC O O
동료가 청소를 하다가 기계에 손가락이 끼여 수술중이예요,O O O B-ACC O E-ACC O
설비 청소를 하다가 끼여 손가락이 절단되었어요,O O O B-ACC B-INJURY E-INJURY
붕괴된 철조물에 깔려 뼈가 조각났어요,O B-ACC E-ACC B-INJURY E-INJURY
근무지에서 이동중 지게차에 치여 팔과 다리가 부러졌어요,O S-LOC B-ACC E-ACC B-INJURY I-INJURY E-INJURY
현장에서 운전하는 지게차에 밟혀 골절로 인해 수술을 했습니다.,S-LOC O B-ACC E-ACC S-INJURY O O O
설비에 손이 협착되어 신경이 손상되었어요,B-ACC O E-ACC B-INJURY E-INJURY
자동 조립기에 새끼손가락이 협착되어 골절되고 신경의 대부분이 손상되었어요,O B-ACC O E-ACC S-INJURY B-INJURY O E-INJURY
식당에서 아르바이트를 하다가 미끄러져 뼈에 금이 갔어요,O S-LOC O S-ACC B-INJURY E-INJURY O
철조물에 찔려 수술을 하였습니다.,B-ACC E-ACC O O
건설 현장에서 철골 작업을 하다가 추락했어요,B-LOC E-LOC O O O S-ACC
지게차에 협착되어 골절 되었어요,B-ACC E-ACC S-INJURY O
손가락이 끼었는데 어떻게하지?,B-ACC E-ACC O
사고가 났어.,O O
기계 조작중에 사고가 났어.,O O O O
작업을 하다가 사고가 났어.,O O O O
창고 정리하는 작업 중에 사다리에서 떨어지는 사고가 났어.,S-LOC O O O O S-ACC O O
근무시간 중에 다쳤어.,S-LOC O O
작업 준비를 하다 다른 작업자의 실수로 사고가 났어.,O O O O O O O O
오늘 사고가 났어,O O O
어제 사고가 났어,O O O
2년 전에 작업중 사고가 발생했어,O O S-LOC O O
건설현장 에서 사고가 났어,S-LOC O O O
오늘 건설현장 에서 사고가 났어,O S-LOC O O O
일주일 쯤 전에 사고가 났어,O O O O O
어제 건설현장에서 사고가 났어,O S-LOC O O
어제 일하는 도중에 사고가 났어,O S-LOC O O O
오늘 기계를 만지다 사고가 났어,O O O O O
사고,O
다쳤어,O
월요일에 회사에서 다쳤어,O S-LOC O
월요일에 다쳤어,O O
회사에서 다쳤어,O O
지난주 화요일에 사다리에서 떨어졌어,O O B-ACC E-ACC
건설 현장 지하주차장에서 전기 쪽 작업 중 전선 케이블을 천장에서 내리는 과정에서 전선 케이블을 머리와 귀에 맞았습니다.,B-LOC E-LOC O O O O O O O O O O O O O O S-ACC
기계가 떨어져서 발등을 부딪혔어,B-ACC E-ACC O O
출근중에 교통사고가 났어,S-LOC S-ACC O
화요일에 다쳤어,O O
수요일에 다쳤어,O O
목요일에 다쳤어,O O
금요일에 다쳤어,O O
어제 회사 동료가 다쳤어,O O O O
지금 사고가 났는데 병원을 가고있어,O O O O O
지금 사고나서 병원가는 길인데,O O O O
1년전에 사고가 나서 치료받는 중 이야,O O O O O O
이런 사고도 산재보험을 받을수 있을까,O O O O O
내가 당한 사고에 대해 궁금해,O O O O O
작업중에 화재 사고가 나서 일을 못하고 있어,S-LOC B-ACC E-ACC O O O O
월요일 출근길에 사고가 났어,O S-LOC O O
근무중 넘어짐,S-LOC S-ACC
추락사고 일어남,S-ACC O
감전사고 발생,S-ACC O
수요일 3:00 기계사이 와이어에 걸려 넘어짐,O O O B-ACC I-ACC E-ACC
기계 폭발 사고가 났어,B-ACC I-ACC E-ACC O
연구실의 화학약품에 닿았어,O B-ACC E-ACC
연구실의 화학약품에 노출됐어,O B-ACC E-ACC
정전기 감전사고가 나서 화상을 입었어,B-ACC E-ACC O S-INJURY O
건강검진을 하러 갔다가 계단에서 넘어져서 골절을 당해썽,S-LOC O O B-ACC E-ACC S-INJURY O
퇴근길에 교통사고가 났어,S-LOC S-ACC O
회사에서 떨어졌는데 팔이 불편해,S-LOC S-ACC O O
자동차로 출근하는 중에 교통사고가 났어,O S-LOC O S-ACC O
오토바이로 출근중에 교통사고가 났어,O S-LOC S-ACC O
현장에서 일하다 추락사고가 났어,B-LOC E-LOC S-ACC O
1년전에 다니던 회사에서 사고가나서 경력이 끊겼어,O O O O O O
야간작업을 마치고 퇴근하던중 교통사고가 났어,O O S-LOC S-ACC O
자차로 출근하다 담벼락에 부딪혔어,O S-LOC B-ACC E-ACC
공사현장에 나갔다가 돌에 맞았어,S-LOC O B-ACC E-ACC
출장을 갔던 회사에서 골절상을 입었어,S-LOC O O S-INJURY O
파견나갔던 공사현장에서 추락사고를 당했어,O S-LOC S-ACC O
파견근무지 에서 다쳤어,S-LOC O O
공사현장에서 다쳤어,S-LOC O
작업중에 상해를 입었어,S-LOC O O
근무중에 상해를 입었어,S-LOC O O
공사현장에서 상해를 입었어,S-LOC O O
파견근무지에서 상해를 입었어,S-LOC O O
근무중에 화상을 입었어,S-LOC S-INJURY O
화상을 입었어,S-INJURY O
공장에서 넘어졌어,S-LOC S-ACC
공장에서 화상을 입었어,O S-INJURY O
공장 2층에서 떨어졌어,O O S-ACC
재택근무를 하던중에 집에 불이났어,B-LOC E-LOC O S-ACC
공장에서 화재가 났어,S-LOC S-ACC O
공장에서 불이났어,S-LOC S-ACC
상급자의 조작미숙으로 손가락을 다쳤어,O O B-INJURY E-INJURY
기계 조작이 미숙해서 사고가 났어,O O O O O
좋지않은 환경에서 업무를 진행하다 사고가 발생했어,O O B-LOC E-LOC O O
작업 발판이 부서져서 떨어졌어,O O O S-ACC
땅을파다 토사에 매몰됐어,O B-ACC E-ACC
유리창이 깨져서 수술을했어,O O S-INJURY
무너진 건물에 깔렸어,O B-ACC E-ACC
건물 철거현장에서 무너진 건물에 깔렸어,B-LOC E-LOC O B-ACC E-ACC
건물 철거현장에서 무너진 건물에 매몰됐어,B-LOC E-LOC O B-ACC E-ACC
사고가 났어 공장에서,O O S-LOC
6월 8일 사고가 났어 작업중에,O O O O S-LOC
회사에서 사고가 났어,S-LOC O O
회사에서 상해를 입었어,S-LOC O O
퇴근중에 사고가 났어,S-LOC O O
퇴근중에 교통사고가 났어,S-LOC S-ACC O
공사현장에서 사고가 났어,S-LOC O O
2월에 사고가 났어,O O O
2월에 공사현장에서 사고가 났어,O S-LOC O O
넘어졌어 공장에서,S-ACC S-LOC
공장에서 넘어졌는데,S-LOC S-ACC
작업 현장에서 넘어졌는데,B-LOC E-LOC S-ACC
사고가 공장에서 났어,O S-LOC O
화재사고가 공장에서 났어,S-ACC S-LOC O
추락사고가 공장에서 났어,S-ACC S-LOC O
떨어지는 일이 생겼어 공장에서,B-ACC E-ACC O S-LOC
공장 2층에서 떨어지는 일이 생겼어,S-LOC O B-ACC E-ACC O
업무를 너무 열심히 했는지 좀 아파,O O O O O O
정전기가 발생해서 공장에 불이났어,O O S-LOC S-ACC
2월 3일에 현장에서 사고가 났어,O O S-LOC O O
2월 5일에 공장에서 사고가 났어,O O S-LOC O O
1월 11일에 사고가 났어,O O O O
8월 22일에 사고가 났어,O O O O
3월 8일부터 다쳐서 요양중이야,O O O O
7월 12일에 난 사고로 아직도 일을 못하는 중이야,O O O O O O O O
5월내내 일을 못했어 2월에 난 사고 때문에,O O O O O O O
9월 12일에 사고가 났어,O O O O
10월 10일에 사고가 났어,O O O O
12월 31일에 사고가 났어,O O O O
지난주에 사고가 났어,O O O
지난주에 회사에서 다쳤어,O S-LOC O
지난주에 공장에서 다쳤어,O S-LOC O
지난주에 사무실에서 다쳤어,O S-LOC O
지난주에 작업중에 다쳤어,O S-LOC O
작업 현장에서 철근에 깔렸어,B-LOC E-LOC B-ACC E-ACC
철거 현장에서 철근에 깔렸어,B-LOC E-LOC B-ACC E-ACC
아 공장에서 넘어졌어 ㅠㅠ,O S-LOC S-ACC O
우리 사무실에 불이났어 !!!,O S-LOC S-ACC O
어제 사무실에 화재 발생,O S-LOC B-LOC E-LOC
어제 현장에서 넘어졌어,O S-LOC S-ACC
4일전에 공장에서 다쳐서 병원에 입원중이야,O S-LOC O O O
공장에서 다쳐서 요양중,S-LOC O O
현장에서 다쳤어,S-LOC O
건설현장에서 다쳤어,S-LOC O
공사중에 다쳤어,S-LOC O
공사중에 넘어졌어,S-LOC S-ACC
공사현장 2층에서 떨어졌어,S-LOC B-ACC E-ACC
사다리에서 떨어졌어,B-ACC E-ACC
2층에서 떨어졌어,B-ACC E-ACC
현장 사다리에서 떨어졌어,S-LOC B-ACC E-ACC
떨어졌어 2층에서,B-ACC E-ACC
떨어짐 공장 2층,B-ACC I-ACC E-ACC
추락사고 공장에서,S-ACC S-LOC
추락사고 건설 현장에서,S-ACC B-LOC E-LOC
공장에서 추락함,S-LOC S-ACC
현장에서 추락함,S-LOC S-ACC
현장에서 떨어짐 3미터 정도?,S-LOC S-ACC O O
공장에서 기계에 손이 끼었어,S-LOC O B-ACC E-ACC
기계에 손이 끼었어,O B-ACC E-ACC
기계에 발을 찧었어,O B-ACC E-ACC
하… 공장에서 다쳤는데..,O S-LOC O
아 현장에서 넘어졌어 ㅠㅠ,O S-LOC S-ACC O
공장에서 다친지 일주일쯤 됐어,S-LOC O O O
공장에서 사고난지 한달쯤 됐어,S-LOC O O O
업무 수행중에 사고가 났어,B-LOC E-LOC O O
업무 수행 중에 걸려 넘어지는 사고가 났어,B-LOC I-LOC E-LOC B-ACC E-ACC O O
업무 수행 중에 넘어지는 사고가 났어,B-LOC I-LOC E-LOC S-ACC O O
업무수행중에 토사에 매몰되는 사고가 났어,S-LOC B-ACC E-ACC O O
덤프트럭에 탄 채 매립업무를 수행하다가 지뢰폭발사고 를 당했어,O O O B-LOC E-LOC S-ACC O O
혼자서 작업하다가 사고를 당했어,O S-LOC O O
혼자서 작업하다가 사다리에서 떨어지는 사고를 당했어,O S-LOC B-ACC E-ACC O O
작업중 추락사고 발생,S-LOC S-ACC O
작업중 실족사고 발생,S-LOC S-ACC O
작업중 다침,S-LOC O
근무중 다침,S-LOC O
출근중 다침,S-LOC O
통근버스를 타고 가다가 교통사고가 났어,S-LOC O O S-ACC O
통근버스에서 교통사고가 났어,S-LOC S-ACC O
퇴근버스를 타고 가다가 교통사고가 났어,S-LOC O O S-ACC O
퇴근버스에서 교통사고가 났어,S-LOC S-ACC O
퇴근중에 바닥에 넘어졌어,S-LOC B-ACC E-ACC
회사앞에서 넘어졌어,S-LOC S-ACC
기계가 오래돼서 수리중에 다쳤어,O O O O
기계 수리중에 사고가 났어,O O O O
기계 오작동으로 사고가 났어,O O O O
출근시간에 회사로가는 횡단보도에서 사고가 났어,S-LOC O O O O
회사를 가는중에 회사앞 횡단보도에서 사고가 났어,B-LOC E-LOC O O O O
근무시간에 다쳤어,S-LOC O
근무중 사고가 남,S-LOC O O
작업중 사고가 남,S-LOC O O
작업중 사고 발생,S-LOC O O
출근후 사고가 났음,S-LOC O O
출근후 근무시간에 사고가 났어,O S-LOC O O
출근 후 근무시간중에 사고발생,O O S-LOC O
출근 후 업무시간에 사고발생,O O S-LOC O
출근 후 업무중 사고 발생,O O S-LOC O O
"출근 준비시간, 통근버스를 기다리던 중 사고가 났어",O O S-LOC O O O O
통근버스를 기다리는 중에 차에 치었어,S-LOC O O O O
통근버스에 치었어,S-LOC S-ACC
자차로 출근중 접촉사고가 났어,B-LOC E-LOC S-ACC O
자차로 퇴근중 접촉사고가 났어,B-LOC E-LOC S-ACC O
공사장에서 사고가 났어,S-LOC O O
공사장에서 추락했어,S-LOC S-ACC
공사장에서 추락사고 발생,S-LOC S-ACC O
공사장에서 넘어졌어,S-LOC S-ACC
공사장에서 흙에 파묻혔어,S-LOC B-ACC E-ACC
공사장에서 철근에 깔렸어,S-LOC B-ACC E-ACC
공사현장에서 철근에 깔리는 사고가 났어,S-LOC B-ACC E-ACC O O
공사현장에서 철근에 깔렸어,S-LOC B-ACC E-ACC
공사장에서 포크레인에 부딪혔어,S-LOC B-ACC E-ACC
공사장에서 넘어졌어,S-LOC S-ACC
출근중 언땅에 미끄러졌어,S-LOC B-ACC E-ACC
퇴근중 언땅에 미끄러졌어,S-LOC B-ACC E-ACC
출근 중 언 땅에 미끄러졌어,S-LOC O O B-ACC E-ACC
퇴근 중 언 땅에 미끄러졌어,S-LOC O O B-ACC E-ACC
아니 내가 작업시간중에 사고가 났어,O O S-LOC O O
그러니까 내가 근무시간 중에 사고가 났어,O O S-LOC O O O
아니 내가 근무시간 중에 사고가 났어,O O S-LOC O O O
내가 근무시간 중에 다쳤어,O S-LOC O O
내가 근무시간 중에 사고가 났어,O S-LOC O O O
아니 사고가 났는데 근무시간 중이었어,O O O S-LOC O
내가 사고가 났는데 근무중 이었어,O O O S-LOC O
내가 다쳤는데 그게 작업중 이었어,O O O S-LOC O
내가 사고가 났는데 그게 마침 쉬는시간 이었어,O O O O O O O
사고가 났는데 출장중 이었어,O O S-LOC O
사고가 났는데 출근중 이었어,O O S-LOC O
사고가 났는데 퇴근중 이었어,O O S-LOC O
"사고발생, 8일전, 출근중",O O S-LOC
"사고발생, 10일전, 근무시간중",O O S-LOC
2년전에 공사현장에서 사고가 났는데 이것도 알수 있으려나??,O S-LOC O O O O O
2년전에 공장에서 사고가 났는데 이것도 알수 있으려나??,O S-LOC O O O O O
작업시간중 공장에서 사고가 발생했는데 관련 정보 알려줘,B-LOC E-LOC O O O O O
근무시간중 공장에서 사고가 발생했는데 관련 정보 알려줘,B-LOC E-LOC O O O O O
출근중 도로에서 교통사고가 발생했는데 관련 정보 알려줘,S-LOC O S-ACC O O O O
회식이 끝나고 집에 가던중 사고가 났어,S-LOC O O O O O
출장중 교통사고 판결문 보여줘,S-LOC S-ACC O O
작업시간중 추락사고 판결문 궁금해,S-LOC S-ACC O O
추락사고 판결문들이 궁금해,S-ACC O O
공사현장 휴게실에 3시간동안 갇혀있었어,S-LOC O O O
실외기 수리작업중 발목을 접질렀어,O S-LOC B-INJURY E-INJURY
눈이와서 미끄러운 회사정문에서 미끄러졌어,O O S-LOC S-ACC
회사 야유회에서 등산중 발목을 다쳤어,O S-LOC O B-ACC E-ACC
회사 체육대회에서 달리기를 하던중 넘어져서 손목이 부러졌어,O S-LOC O O S-ACC B-INJURY E-INJURY
회사 체육대회 에서 넘어졌어,O S-LOC O S-ACC
회사 야유회를 가던중 교통사고가 났어,O S-LOC O S-ACC O
10일전 업무시간에 화상을 입었어,O S-LOC S-INJURY O
공사장에 불이나서 화상을 입었어,S-LOC S-ACC S-INJURY O
비가오던날 공사장에서 흙에 파묻혔어,O S-LOC B-ACC E-ACC
비가오던 공사현장에서 철근에 깔렸어,O S-LOC B-ACC E-ACC
비가오던 공사현장에서 미끄러져 넘어졌어,O S-LOC O S-ACC
비가오던 공사장에서 실족해서 떨어졌어,O S-LOC B-ACC E-ACC
공사장에서 실족했어,S-LOC S-ACC
출근중 교통사고 발생,S-LOC S-ACC O
출장지로 가던중 교통사고가 났어,S-LOC O S-ACC O
출장지에서 화재사고 발생,S-LOC S-ACC O
출장 근무지에서 넘어졌어,B-LOC E-LOC S-ACC
출장 근무지에서 추락사고가 났어,B-LOC E-LOC S-ACC O
야유회를 갔다가 넘어졌어,S-LOC O S-ACC
야유회에서 추락사고 발생,S-LOC S-ACC O
회사 행사장에 불이났어,O S-LOC S-ACC
업무 수행중에 교통사고가 났어,B-LOC E-LOC S-ACC O
업무시간에 손목이 부러졌어,S-LOC B-INJURY E-INJURY
작업시간중 추락사고 상황좀 알수있을까,S-LOC S-ACC O O
작업시간중 추락사고 판결문좀 보여줘,S-LOC S-ACC O O
작업시간중 추락사고 판결문이 궁금해,S-LOC S-ACC O O
작업시간중 추락사고에 대한 정보좀 알려줘,S-LOC S-ACC O O O
출근시간중 교통사고에 대한 정보좀 알려줘,S-LOC S-ACC O O O
출근시간 교통사고 정보가 궁금해,S-LOC S-ACC O O
추락사고가 나서 요양중이야,S-ACC O O
남편이 공사장에서 무너지는 건물에 깔려 사망했어,O S-LOC O O S-ACC S-INJURY
작업하다가 다쳤어,S-LOC O
업무시간에 다쳤어,S-LOC O
근무중에 다쳤어,S-LOC O
퇴근시간에 교통사고가 났어,S-LOC S-ACC O
퇴근길에 다쳤어,S-LOC O
퇴근길에 오토바이랑 박았어,S-LOC B-ACC E-ACC
출근길에 오토바이랑 박았어,S-LOC B-ACC E-ACC
공장에서 넘어지는 사고가 났는데 휴업급여가 궁금해,S-LOC S-ACC O O O O
출근길에 횡단보도에서 자동차랑 충돌했어,S-LOC O B-ACC E-ACC
출근중에 횡단보도에서 자동차랑 충돌했어,S-LOC O B-ACC E-ACC
자동차사고가 났어 출근길에,S-ACC O S-LOC
차사고가 났어 출근중에,S-ACC O S-LOC
용접작업중에 사고가 났어,S-LOC O O
작업을하러 가다가 사고가 났어,S-LOC O O O
정비작업 중에 정비기계의 오작동으로 손가락이 잘렸어,S-LOC O O O B-INJURY E-INJURY
정비작업 중에 기계에 깔려서 발목이 부러졌어,S-LOC O B-ACC E-ACC B-INJURY E-INJURY
"발목이 부러졌어, 정비작업을 하기위해 기계를 세팅하던중에",B-INJURY E-INJURY S-LOC O O O
작업을 하기위해 기계를 옮기던중에 기계와 부딪혔어,S-LOC O O O B-ACC E-ACC
떨어지는 사고가 났어,S-ACC O O
떨어졌어 공사장에서,S-ACC S-LOC
추락했어 공사장에서,S-ACC S-LOC
작업현장 청소를 하던중 넘어졌어,S-LOC O O S-ACC
기계가 폭발해서 화상을 입었어,O S-ACC S-INJURY O
기계가 폭발해서 손목을 잃었어,O S-ACC S-INJURY O
기계 오작동으로 손가락을 잃었어,O O S-INJURY O
사고로 팔을 잃었어,O S-INJURY O
사고가 나서 발목을 잃었어,O O S-INJURY O
손가락을 잃는 사고를 당했어,S-INJURY O O O
작년에 다니던 회사에서 화재사고를 당했어,O O O S-ACC O
작년에 다니던 회사에서 손가락을 잃는 사고를 당했어,O O O S-INJURY O O O
작업중 손가락을 잃는 사고를당했어,S-LOC S-INJURY O O
용접 작업중에 시력을 잃었어,B-LOC E-LOC S-INJURY O
현장에 설치된 와이어에 걸려 넘어졌어,S-LOC O O B-ACC E-ACC
현장 계단에서 실족했어,B-LOC E-LOC S-ACC
현장 계단에서 미끄러져 넘어졌어,B-LOC E-LOC O S-ACC
현장의 임시계단이 무너져서 떨어졌어,S-LOC O O S-ACC
현장의 임시계단이 무너져서 추락하는 사고가 발생했어,S-LOC O O S-ACC O O
회식중 회식장소에서 화재가 발생해서 화상을 입었어,S-LOC O S-ACC O S-INJURY O
회식중 의자가 부서져서 골절상을 당했어,S-LOC B-ACC E-ACC S-INJURY O
회사화장실에서 미끄러져 넘어졌어,S-LOC O S-ACC
작업현장 청소중에 화학약품에 노출됐어,S-LOC O O O
작업현장 뒷정리중 넘어졌어,S-LOC O S-ACC
작업현장에서 사고가 났어,S-LOC O O
현장에서 사고가 났어,S-LOC O O
작업을마치고 퇴근하던중에 교통사고가 났어,O S-LOC S-ACC O
퇴근길에 마주오는 차량에 부딪혔어,S-LOC O B-ACC E-ACC
회식중에 동료에게 폭행을 당했어,S-LOC O O O
회식장소 주차장에서 후진하던 차량에 교통사고가 났어,S-LOC O O O S-ACC O
작업중 절단사고에 관한 판결문을 알고싶어,S-LOC S-ACC O O O
아버지께서 근무중 상해를 입으셔서 수술후 지금 중환자실에 있는 상태입니다.,O S-LOC O O S-INJURY O O O O
5월27일날 출근하다가 교통사고가 나서 입원을 하고있습니다.,O S-LOC S-ACC O O O
새벽 야쿠르트 배달을 하다가 계단에서 구르면서 인대가 파열 되었어요.,O O S-LOC O O S-ACC B-INJURY E-INJURY O
공사장에서 소형전동글라인더로 다리가 찢어져서 봉합을했습니다,S-LOC O B-INJURY E-INJURY O
저희 신랑이 저번달 중순쯤 일을하다 다리가 다쳐서 입원을 하게되었어요.,O O O O S-LOC S-INJURY O O O
주방에서 커팅하다가 기계에 손바닥이찔려 근육손상봉합수술하고 하루입원했어요,S-LOC O O S-INJURY O O
작업장에서 운반을 하다가 뼈가 부러질 정도로 다리를 접지르셨다고 합니다.,S-LOC O O O O O B-INJURY E-INJURY O
제가 일하는 중에 화장실이 2층에 계단이 좀많은데 내려가던중 굴러 떨어져 발에 실금과 쇄골에 골절이 생겼습니다,O S-LOC O O O O O O B-ACC E-ACC B-INJURY I-INJURY I-INJURY E-INJURY O
"안녕하세요 이번 21년4월24일 배달중 사고가 나서 현재까지 수술, 입원치료중입니다",O O O S-LOC O O O S-INJURY O
회사를 다니다가 일하는도중 빠르게 하다보니 부주의로 손가락 들어가있는채로 스위치 눌러서 손가락끝부분이 짓물러졌어요,O O S-LOC O O O O O O O B-INJURY E-INJURY
남자친구가 지금 일하는도중 사고로 입원해서 수술 받은 상태입니다.,O O S-LOC O O O O O
제가 얼마전에 작업도중 사고를 당해서 일주일 입원하고 3주째 집에서 쉬면서 병원을 다니고 있습니다.,O O S-LOC O O O O O O O O O O
회사에서 업무중 너무 더워서 창문을 열기 위해 창문을 열려면 장비 위로 올라가서 열어야해서 그 과정에서 창문을 열고 내려오다가 미끄러졌습니다.,O S-LOC O O O O O O O O O O O O O O O O S-ACC
업무중 (가정집 방문중) 보행사고를 당했습니다.,S-LOC O O S-ACC O
저는최근현장에서 작업중 오른쪽엄지가 절단은아니고 상해를입어 손톱밑살이 상실되어 발피부를 이식해서 수술했습니다.,O S-LOC B-INJURY O E-INJURY O O O O O
건설현장에서 일하다가 다쳐서 반월상연골 절제수술 했습니다.,B-LOC E-LOC O B-INJURY E-INJURY O
회사에서 일하다가 손에 3도화상이 됐습니다,B-LOC E-LOC B-INJURY E-INJURY O
무거운 장비를 드는 일하다 허리가 부러져 수술을 받았어요,O O O S-LOC B-INJURY E-INJURY O O
일을 하다가 문에 손이 찧었는데 혹시 산재처리가 가능할까요?,B-LOC E-LOC O B-INJURY E-INJURY O O O
일을하다 5월17일 발목이 접질려서 병원에 가서 진료를 받았습니다.,S-LOC O B-INJURY E-INJURY O O O O
며칠전 근로중 기계에 손가락이 껴 뼈가 으스러지는 사고를 당했습니다.,O S-LOC O B-ACC E-ACC B-INJURY E-INJURY O O
일을 하다가 넘어져 손가락을 다쳤습니다 손가락 골절 6주 진단이 나왔습니다,O O S-LOC B-INJURY E-INJURY O O O O O
일하다가 날아온 쇠봉에맞아 척추뼈 날개처럼있는 부분이 3개가 부러졌습니다.,S-LOC O S-ACC S-INJURY O O O O
저번주 목요일 출근길에 발목을 접지르고 점심에 근처 병원에 가서 엑스레이랑 약국 처방도 받았습니다.,O O S-LOC B-INJURY E-INJURY O O O O O O O O
현장에서 포크레인에 오른쪽 내측 무릎 을 부딛혀 반월상연골판 파열 절제술을 받았습니다.,S-LOC O B-INJURY I-INJURY E-INJURY O S-ACC O O O O
신랑이 일하다 창고서 사다리에서 떨어져서 오른쪽 종아리 근육파열과 외상이 있엇습니다,O S-LOC O B-ACC E-ACC O B-INJURY E-INJURY O O
대기업 건설현장 협력업체로 일하는중에 차바퀴에 깔려 발쪽 분쇄골절되고 공상처리중 입니다.,O O O S-LOC B-ACC E-ACC B-INJURY E-INJURY O O
어제 출근중에 추월하다가 교통사고가 났어요.,O S-LOC O S-ACC O
4월 16일에 교통사고를 당해 다리뒤쪽 인대가 파열됐습니다.,O O S-ACC O O B-INJURY E-INJURY
회사에서 일하다가 4월 6일날 난간을 넘다가 떨어져 어깨를 다쳤습니다.,O S-LOC O O O O S-ACC B-INJURY E-INJURY
계단에서 임시로 핸드레일 같은걸 설치해놓은곳에 걸리게되어 넘어지면서 다리를 심하게 접질렀습니다,O O O O O O S-ACC B-INJURY O E-INJURY
"일주일전 출근길 비보호 좌회전하다, 직진차량과 교통사고가 났습니다.",O S-LOC O O O S-ACC O
"출근길 교통사고가 났는데요 우선 4중충돌이고요, 앞에차가 1차사고로 3중발생후 제가 2차사고로 앞차와 사고가 났습니다.",S-LOC S-ACC O O O O O O O O O O O
컨베이어 벨트 위의 다른직원이 높이쌓은 물건이 쏟아져서 부딪혀 쌀이 들어있는 박스에 손목을 박았습니다.,O O O O O O O S-ACC O O O B-INJURY E-INJURY
제가 배달일중 교통사고로 크게 다쳐 4달 가량 입원해있었습니다.,O S-LOC S-ACC O O O O O
일하다 물건에 깔려서 손가락 골절이되어 수술을하고 핀을 박아둔 상태입니다.,S-LOC O S-ACC B-INJURY E-INJURY O O O O
아버지가 직장에서 프레스에 끼여 손가락 절단 사고를 당하셨습니다.,O S-LOC O S-ACC B-INJURY I-INJURY E-INJURY O
출근한지 3일 됐는데 덤프트럭의 전복으로 다쳣는데 산재처리되나요?,O O O B-ACC E-ACC O O
회사 작업 중 오른손 손가락 절단으로 수술을 두차례받았습니다.,B-LOC E-LOC O B-INJURY I-INJURY E-INJURY O O
제가 이번에 일하다가 넘어져 발목인대 파열 됐습니다.,O O S-LOC S-ACC B-INJURY E-INJURY O
아버지가 몇일 전 실내 건설 근로 중 추락하셔서 머리를 크게 다치셨어요,O O O O O S-LOC O S-ACC B-INJURY O E-INJURY
근무중 계단에서 내려오다가 바닥에 깔린 높이가 다른 장판을 인지하지못해 넘어졌습니다.,S-LOC O O O O O O O O S-ACC
일을 하다가 화상을 입어서 종합병원 가서 치료를 하는중입니다.,S-LOC O S-INJURY O O O O O
퇴근할때 동료랑 걷다가 앞서가던 다른 동료가 뒤로 휙 도는 바람에 그 사람 발에 걸려 넘어졌습니다.,S-LOC O O O O O O O O O O O O B-ACC E-ACC
건설 현장에서 시스템 비계 설치일을 하다 낙상사고를 당하였습니다.,B-LOC E-LOC O O O O S-ACC O
제가 오늘 일하다가 판넬에 손가락이 끼어 갈라져서 4바늘을 찝었어요,O O O O O S-ACC O O O
작업도중 추락하여 요추1번골절로 인하여 현재치료중입니다,S-LOC S-ACC S-INJURY O O
와이어에 손가락이 끼어 좀 심하게 다쳤습니다 신경이 70%끈어졌고 일단 봉합은 한상태입니다.,B-ACC O E-ACC O O O O O O O O
한달전에 개인주택 공사현장 에서 작업하다 3m높이 에서 추락하여 발뒤꿈치 골절과 척추손상을 입었는데요..,O O S-LOC O O O O S-ACC B-INJURY E-INJURY O O
일을 하던 도중 팔과 팔뚝에 심한 화상을 입어 몇 차례 통원 치료를 받는중입니다.,S-LOC O O O B-INJURY O E-INJURY O O O O O O
납품 기사님이 납품가셨다가 타업체 지게차운전자의 미숙으로 사고가 발생했습니다.,O O O O O O O O
고깃집에서 알바를 하다가 사장님이 실수로 뜨거운 기름을 손에 부어서 화상을 입었어요,O S-LOC O O O O O O O S-INJURY O
출퇴근 방법이 같은회사 직원차에 동승하고 가면서 교통사고가 발생할 경우에도 산재보상이 가능한가요?,S-LOC O O O O O S-ACC O O O O
아버지가 근무중 지게차와 부딛혀 수술중 중환자실에 계신상태입니다.,O S-LOC O S-ACC O O O
출근하다 횡단보도에서 마주오는 차량에 치어 교통사고를 당했습니다.,S-LOC O O O O S-ACC O
건설현장 에서 떨어지는 전선케이블에 부딛혀 손목이 부러졌습니다.,S-LOC O O O S-ACC B-INJURY E-INJURY
새벽배달을 나가던 과정에서 계단에서 미끄러져 발목이 부러졌습니다.,S-LOC O O O S-ACC B-INJURY E-INJURY
전동글라인더 작업을 하다가 글라인더에 발가락이 끼어 찢어졌습니다.,O S-LOC O O O S-ACC O
신랑이 3층에서 떨어지는 판넬에 깔려 다리를 다쳤습니다.,O O S-ACC O O B-INJURY E-INJURY
주방에서 냉면자르는 기계에 손이 끼어 근육손상 봉합수술을 했습니다.,O O B-ACC O E-ACC B-INJURY E-INJURY O
작업장에서 운반을 하던중 시멘트 포대에 깔려 인대가 파열 되었습니다.,S-LOC O O O B-ACC E-ACC B-INJURY E-INJURY O
마무리 작업중 미끄러운 계단에서 넘어졌습니다.,O S-LOC O O S-ACC
배달중 교통사고가 나서 현재까지 2개월쨰 입원중입니다.,S-LOC S-ACC O O O O
저의 부주의로 기계에 손가락을 끼었는데 이것도 산재처리 가능한가요?,O O O B-ACC E-ACC O O O
남자친구가 회사에서 일하던중 사다리에서 떨어져서 다리에 철근박는 수술을 했습니다,O O S-LOC B-ACC E-ACC B-INJURY E-INJURY O O
얼마전 작업중 쏟아져내리는 토사에 파묻혀 허벅지 근육이 파열됐습니다.,O S-LOC O O S-ACC B-INJURY E-INJURY O
2층에 있는 작업도구를 꺼내기위해 사다리에 올라가다 떨어지는 사고를 당했습니다.,O O O O B-ACC O E-ACC O O
제가 학습지 선생님인데 보행중 아이가 타고오던 자전거에 부딛혀 허리를 삐끗했습니다.,O O O O O O B-ACC E-ACC B-INJURY E-INJURY
최근 현장에서 작업중 떨어지는 물건을 피하지 못해 손가락이 잘렸습니다.,O O S-LOC B-ACC E-ACC O O B-INJURY E-INJURY
건설 현장에서 넘어져 연골 절제 수술을 했습니다.,S-LOC O S-ACC B-INJURY I-INJURY E-INJURY O
회사에서 불이나서 3도화상을 입어 병원을 다니고 있습니다.,O S-ACC S-INJURY O O O O
아버지가 출근중 교통사고를 당하셔 수술후 지금 중환자실에 계십니다.,O S-LOC S-ACC O O O O O
퇴근중 횡단보도를 건너던중 신호를 무시하고 오던 차량에 치었습니다.,S-LOC O O O O O B-ACC E-ACC
전기 전선작업중 케이블을 천장에서 내리는 과정에서 천장이 무너져 머리를 부딛혔습니다.,O S-LOC O O O O B-ACC I-ACC O E-ACC
배달중 3층에서 걸어내려오다 계단에서 넘어져 발목인대가 파열됬습니다.,S-LOC O O O S-ACC B-INJURY E-INJURY
소형전동 글라인더로 절삭 작업을 하던중 튄 파편이 눈에 튀어 병원을 다니고있습니다.,O O O S-LOC O O O O O O O
신랑이 일을 하다가 사다리에서 떨어져 무릎인대가 파열됐습니다.,O S-LOC O B-ACC E-ACC B-INJURY E-INJURY
식당에서 일을하다 화장실에서 넘어져 뇌진탕을 입었습니다.,O S-LOC O S-ACC B-INJURY O
작업장에서 시멘트 포대 운반을 하던 중에 무게를 이기지 못하고 넘어져 경추1번 손상을 입었습니다.,S-LOC O O O O O O O O S-ACC B-INJURY E-INJURY O
작업중 2층의 화장실을 가다가 계단에서 굴러 떨어졌습니다.,S-LOC O O O O B-ACC E-ACC
배달중 마주오는 오토바이에 치이는 교통사고를 당했습니다.,S-LOC O O O S-ACC O
나무 절삭 작업중 그라인더에 손가락을 끼어 첫째마디가 부러졌습니다.,O O S-LOC O B-ACC E-ACC B-INJURY E-INJURY
남자친구가 회사에서 일하다가 화재사고가 나서 화상을 입었습니다.,O O S-LOC S-ACC O S-INJURY O
작업중에 옆사람이 걷어낸 돌에 머리를 부딛혀 치료를 받는 중입니다.,S-LOC O O B-ACC O E-ACC O O O
무거운 공구를 들고가던중 넘어져 손목이 부러졌습니다.,O O O S-ACC B-INJURY E-INJURY
가정방문을 나가던중 얼어있는 도로에 미끄러져 넘어졌습니다.,O O O O B-ACC E-ACC
현장에서 고장난 기계를 수리하던 중에 작동 미숙으로 손가락이 끼었습니다.,S-LOC O O O O O O B-ACC E-ACC
건설현장 에서 작업지시를 하다 포크레인에 머리를 세게 부딛혔습니다.,S-LOC O O O O O O S-ACC
치킨을 튀기다가 튄 기름에 손등에 3도화상을 입었습니다.,O O O O O S-INJURY O
무거운 장비를 들다가 손에서 미끄러져 장비에 깔렸습니다.,O O O O O B-ACC E-ACC
일하던중 바람이 강하게 불어 문에 손가락을 찧어 깁스를 하고있습니다.,S-LOC O O O B-ACC O E-ACC O O
미끄러운 바닥에서 균형을 잡지못해 넘어져 발목을 접질렀습니다.,O O O O S-ACC B-INJURY E-INJURY
기계를 수리하는 작업중 손가락이 껴 뼈가 으스러졌습니다.,O O S-LOC B-ACC E-ACC B-INJURY E-INJURY
사다리를 타고 청소를 하던중 낙상해 손가락이 부러졌습니다.,O O O O S-ACC B-INJURY E-INJURY
일하다가 무너지는 천장에서 떨어진 철골에 부딪혀 어깨가 부러졌습니다.,S-LOC O O O B-ACC E-ACC B-INJURY E-INJURY
출근길에 마주오는 전동킥보드와 부딪혀 골절을 당했습니다.,S-LOC O O S-ACC S-INJURY O
포크레인이 치우던 돌에 부딪혀 발등이 부서졌습니다.,O O B-ACC E-ACC B-INJURY E-INJURY
신랑이 일하다가 창고에있는 물품에 깔려 입원중입니다.,O O O B-ACC E-ACC O
고기굽는 아르바이트를 하다가 숯불에 화상을 입었습니다.,O S-LOC O O S-INJURY O
다른 작업자와 장비를 옮기던중 장비를 놓쳐 장비에 깔려 발가락 골절을 당했습니다.,O O O O O O B-ACC E-ACC B-INJURY E-INJURY O
앞선 작업자가 문을 닫는걸 확인하지 못하고 문에 손가락을 찧어 골절상을 당했습니다.,O O O O O O B-ACC O E-ACC S-INJURY O
냉동창고의 바닥이 너무 미끄러워 넘어져 손목이 부러졌습니다.,O O O O S-ACC B-INJURY E-INJURY
출근한지 3일됐는데 기계 조작미숙으로 기계에 손가락이 끼어 부러졌습니다.,O O O O B-ACC B-INJURY E-ACC E-INJURY
2층 계단에서 떨어져 손가락이 부러졌습니다.,O O S-ACC B-INJURY E-INJURY
일하다가 날아온 쇠봉에 머리를 강하게 맞았습니다.,S-LOC O B-ACC O O E-ACC
전동킥보드를 타고 출근하던중 속도를 제어하지못하고 가로수에 박았습니다.,O O S-LOC O O B-ACC E-ACC
"지게차에 실린 물건을 하차하던중 물건에 깔려 다쳤습니다,.",O O O O B-ACC E-ACC O
신랑이 일하다가 창고 2층에서 떨어져서 발목인대가 파열됐습니다.,O O O O S-ACC B-INJURY E-INJURY
지게차가 무게를 못이기고 전복되어 안에 타고있던 제가 다쳤습니다.,B-ACC O O E-ACC O O O O
회사 작업중 기계에 손이 끼어 손목신경의 50퍼센트를 잃었습니다.,O S-LOC B-ACC O E-ACC S-INJURY O O
일하다가 미끄러운 바닥에 넘어져 인대가 파열됐습니다.,S-LOC O O S-ACC B-INJURY E-INJURY
아버지가 아파트 건설현장에서 추락해 두개골이 함몰 되셨습니다.,O O S-LOC S-ACC B-INJURY E-INJURY O
물건을 잔뜩 옮기던중 앞의 계단턱을 인지못하고 걸려 넘어졌습니다.,O O O O O O B-ACC E-ACC
일을하다 뜨거워진 기계를 손으로 잡아 화상을 입었습니다.,S-LOC O O O O S-INJURY O
퇴근중 뛰어오던 동료와 부딪쳐 십자인대가 파열됐습니다.,S-LOC O B-ACC E-ACC B-INJURY E-INJURY
"아파트 실외기를 설치하던중 외부 철골이 무너져 낙상사고를 당했습니다,.",O O O O O O S-ACC O
조립작업을 하다가 맞물리는 홈에 손가락이 끼어 살이 찢어져 4바늘을 꿰맸습니다.,S-LOC O O O O S-ACC B-INJURY E-INJURY O O
높은 사다리에서 작업을하다 사다리가 무너져 떨어졌습니다.,O O O O O S-ACC
합판을 자르던중 톱과 합판에 손가락이 끼어 검지손가락의 신경이 끊어졌습니다.,O O O B-ACC O E-ACC B-INJURY I-INJURY E-INJURY
인테리어 작업을 하던중 2M 높이에서 추락해 발목이 부러졌습니다.,O S-LOC O O O S-ACC B-INJURY E-INJURY
음식점에서 마무리 청소를 하다 바닥에 뿌린세제에 미끄러져 넘어졌습니다.,O O O O O O O S-ACC
덤프트럭으로 토사를 옮기던중 덤프가 전복되는 사고를 당했습니다.,O O O O S-ACC O O
작업중에 발이 끼어 발등이 으스러졌습니다.,S-LOC O S-ACC B-INJURY E-INJURY
컨테이너를 옮기던중 물건이 쏟아져서 쏟아진 물건에 깔렸습니다.,O O O O O B-ACC E-ACC
아버지가 연세가 많으신데 건설현장에서 일하다 다치셔서 더이상 일을할수 없을거같아요,O O O S-LOC O O O O O
아버지가 공사현장에서 넘어져서 더이상 일을 못하실거 같아요.,O S-LOC S-ACC O O O O
뜨거워진 기계에 화상을 입어 팔뚝의 피부가 짓물렀습니다.,O O S-INJURY O O O O
퇴근하는 길에 쌀쌀해진 날씨에 도로가 얼어 미끄러져 넘어졌습니다.,S-LOC O O O O O O S-ACC
인테리어 작업을하는 과정에서 천장의 전등이 떨어지며 머리를 5바늘 꿰멨습니다.,O O O O B-ACC E-ACC B-INJURY O E-INJURY
경첩에 손가락이 끼어 중지가 골절됐습니다.,B-ACC O E-ACC B-INJURY E-INJURY
물건을 운반하던중 작업중이던 와이어에 걸려 넘어져 턱이 부서졌습니다.,O O O O O S-ACC B-INJURY E-INJURY
기계에 손가락이 빨려들어가 손가락 절단 사고를 당했습니다.,B-ACC O E-ACC B-INJURY E-INJURY O O
공사현장에서 떨어지는 자재에 맞아 발가락이 부러졌습니다.,S-LOC O O S-ACC B-INJURY E-INJURY
출근중에 신호위반을 한 차량과 부딪쳐 교통사고가 났습니다.,S-LOC O O O O S-ACC O
회사차를 타고 출근하던중 교통사고가 났습니다.,O O S-LOC S-ACC O
공사현장에서 지지대가 무너져 넘어지는 판넬에 깔렸습니다.,O O O O B-ACC E-ACC
아파트 건설현장에서 위에서 떨어지는 공구를 인지하지 못하고 어깨에 맞아 어깨가 안올라가요,O S-LOC O O O O O O O O O
공장 청소를 하는데 위에 창문청소를 하다가 사다리에서 떨어졌어요,O O O O O O O S-ACC
현장에서 정전기때문에 불이나서 불을 끄다가 화상을 입었어요,S-LOC O S-ACC O O S-INJURY O
공장에서 기계가 폭발하면서 날아오는 파편에 맞아서 뇌진탕을 입었습니다.,S-LOC O O O B-ACC E-ACC S-INJURY O
"공장에서 기계가 폭발하면서 불이나서 3도 화상을 입었습니다,.",S-LOC O O S-ACC B-INJURY E-INJURY O
"일주일전 출근길 좌회전하다, 직진차량과 교통사고가 났습니다.",O S-LOC O O S-ACC O
출근길 교통사고가 났는데요 불법유턴을 하던 앞차와 사고가 났습니다.,S-LOC S-ACC O O O O O O
컨베이어 벨트 위에 쌓여있는 물건이 쏟아져서 피하지 못하고 무거운 박스에 손목을 박았습니다.,O O O O O O O O O O O O
배달일을 하던중에 빗물에 미끌어져 넘어져서 3달째 병원을 다니고 있습니다.,S-LOC O O O S-ACC O O O O
출근길 신호를 기다리던중에 뒤에오던 차량에 박아서 2달째 입원중입니다.,S-LOC O O O B-ACC E-ACC O O
가로수 이식작업중 나무가 넘어져 나무에 깔렸어요.,O O O O B-ACC E-ACC
엄마가 음식점에 나가시는데 식당 청소를 하시다 넘어지셨어요,O O O O O O S-ACC
아버지가 근무하시는 사무실에 불이나서 불을 끄시다가 화상을 입으셨어요.,O O O S-ACC O O S-INJURY O
회식중에 숯불에 손을 데여 3도 화상을 입었습니다.,S-LOC O O O B-INJURY E-INJURY O
상하차 일을하던중 컨베이어벨트에서 쏟아지는 물건을 피하지 못하고 깔려서 발목인대가 파열됐어요.,O S-LOC O O O O O S-ACC B-INJURY E-INJURY
기계에 기름칠을 하다가 손가락이 끼여 골절이 되었어,O O O B-ACC E-ACC S-INJURY O
강풍에 일을 하다가 지붕이 날아가 깔렸어,O S-LOC O O O S-ACC
기계에 손이 끼어서 다쳤어,B-ACC O E-ACC O
틀에 발이 끼어서 다칠뻔했어,B-ACC O E-ACC O
틀에 발이 들어가서 넘어져서 다쳤어,B-ACC O E-ACC S-ACC O
지나가다가 위에서 못이 떨어져서 맞았어,O O B-ACC I-ACC E-ACC
작업중 미끄러워서 넘어져서 봉에 맞았어,S-LOC O S-ACC B-ACC E-ACC
바닥에 기름칠이 되어있어서 넘어져서 허리를 다쳤어,O O O S-ACC B-INJURY E-INJURY
지나가는 도중 바닥이 미끄러워서 넘어져서 입원을 하게 되었어,O O O O S-ACC O O O
흡연 중 불이 나서 공사에 필요한것이 탔어,O O B-ACC E-ACC O O O
회식을 하러가는 도중 교통사고가 났어,S-LOC O O S-ACC O
바람에 날려서 철근이 뒤집혀서 다칠뻔했어,O O O O O
바람이 강하게 불어서 창문이 떨어져서 맞았어,O O O B-ACC I-ACC E-ACC
휴게실에 가는 도중 시설관리가 잘 안되어있어서 간판이 떨어져서 어깨를 다쳤어,O O O O O O B-ACC E-ACC B-INJURY E-INJURY
화장실에 가는 길에 바닥이 미끄러워서 넘어졌어,O O O O O S-ACC
엘레베이터가 고장나서 2층높이에서 떨어졌어,O O O S-ACC
안전모를 쓰고있는데 위에서 공구가 떨어져서 맞았어,O O O B-ACC I-ACC E-ACC
안전모를 쓰고 있는데 공구가 떨어져서 맞았지만 큰 외상은없어,O O O B-ACC I-ACC E-ACC O O
페인트를 바르는 도중 떨어졌어요,O O O S-ACC
미끄러운 철근에서 일을 하다가 넘어졌어요,O O O O S-ACC
술먹고 작업장에서 기둥에 박아서 머리를 다쳤어요,O O B-ACC E-ACC B-INJURY E-INJURY
바닥을 닦다가 천장이 금이가 부스러기들에 맞았어요,O O O O B-ACC E-ACC
계단에서 우당탕 넘어져서 허리를 다쳤어요,O O S-ACC B-INJURY E-INJURY
기름통을 다루다가 화재폭발이 일어났어,O O S-ACC O
안전모 들을 걸어놓았는데 떨어지는 바람에 머리에 맞았어,O O O B-ACC O O E-ACC
음식을 데피는데 까먹고 있다가 불이 났어,O O O O B-ACC E-ACC
기름으로 튀김을 튀기고 있는데 화재가 났어,O O O O B-ACC E-ACC
음식을 뎁히는데 너무 오래 방치해서 화재가 났어,O O O O O S-ACC O
밥솥 전선에서 스파크가 튀어 불이 났어,O O O O B-ACC E-ACC
밥솥 전선에 문제가 있었나봐 그 근처에서 화재가 났어,O O O O O O B-ACC E-ACC
컨테이너 지붕이 무너져 추락 사고 당했습니다,O O O S-ACC O O
아버지가 짐칸을 내리시다가 추락하는 사고가 일어났어,O O O S-ACC O O
아파트 공사현장에서 도배작업을 하다 추락했어,O S-LOC O O S-ACC
아버지가 화물배송업무인데 짐을 싣기 위헤 칸을 올라가시다가 추락하셨어,O S-LOC O O O O O S-ACC
천장 조명 작업을 하고 내려오다 사다리가 망가지면서 떨어졌어,O O S-ACC O O O O S-ACC
골프장에서 골프카트에 치여서 전치 8주가 나왔어,O B-ACC E-ACC B-INJURY E-INJURY O
남편이 선박 엔진룸에서 케이블 설치 작업 중 추락 후 사망했어,O O O O O S-LOC O S-ACC O S-INJURY
석유운반선 내부에서 작업 중 화재가 일어나 중상을 입었어,O O S-LOC O S-ACC O O O
천장에 달린 크레인을 조작하다 추락해 다리 뼈가 다 아작났습니다,O O O O S-ACC O B-INJURY O E-INJURY
25톤 화물차를 옮기던 도중 교통사고가 나 척추와 갈비뼈가 다 골절되고 같이 일하던 동료는 사망했습니다,O O O O S-ACC O B-INJURY I-INJURY O E-INJURY O O O S-INJURY
제 남편이 공사 현장에서 철근 자재들이 떨어지면서 밑에 깔려 숨졌습니다,O O B-LOC E-LOC B-ACC I-ACC E-ACC O S-ACC S-INJURY
"하역 장비 정비 작업 중 모래, 석탄 등을 담는 통이 아래로 떨어지면서 동료를 덮쳤습니다",O O O S-LOC O O O O O B-ACC O E-ACC O O
배 안에 놓은 굴삭기가 움직이면서 굴삭기와 선박 기둥 사이에 제 아들의 머리가 끼여 사망했습니다,O O O O O O O B-ACC I-ACC O O O E-ACC S-INJURY
컨테이너 날개를 접는 작업을 하다 갑작스럽게 접힌 날개에 깔려 죽었습니다,O O O S-LOC O O O B-ACC E-ACC S-INJURY
작업차와 지게차가 추돌해 허리가 골절되었습니다,B-ACC I-ACC E-ACC B-INJURY E-INJURY
작업 도중 지게차에 깔려 신경마비가 와 다리를 절단했습니다,S-LOC O B-ACC E-ACC O O B-INJURY E-INJURY
주택 공사 현장에서 중량물에 맞아 어깨가 골절되었습니다,O B-LOC E-LOC B-ACC E-ACC B-INJURY E-INJURY
오빠가 공사 현장에서 건설 차량의 손상으로 차량 부품과 충돌해 사망했습니다,O B-LOC E-LOC O O O B-ACC I-ACC E-ACC S-INJURY
집진기 보강공사 중 부식된 배관 파손으로 인해 추락해 전치 8주를 받았습니다,O S-LOC O O O O O S-ACC B-INJURY E-INJURY O
남자친구가 야간근무를 하려고 오토바이를 타고 출근하는 도중 20톤 트럭과 충돌해 사망했어,O O O O O S-LOC O O B-ACC E-ACC S-INJURY
크레인 정비 도중 설비에 몸이 끼여서 몸 절반 정도 뼈가 으스러졌어,O S-LOC O B-ACC O E-ACC O O O B-INJURY E-INJURY
작업을 하러 가던 도중 크레인에 달려있던 적자재에 부딪혀 공사장 바깥으로 추락해 사망했어,S-LOC O O O O O B-ACC E-ACC O O S-ACC S-INJURY
동료가 작업 중 작업차와 공사 기둥 사이에 끼어 전치 10주가 나왔습니다,O S-LOC O O O B-ACC I-ACC E-ACC B-INJURY E-INJURY O
플라스틱 공장에서 대형화재가 발생해 저를 포함한 32명의 동료들이 중상 또는 사망했습니다,O O S-ACC O O O O O S-INJURY O S-INJURY
화물차와 지게차가 추돌해 지게차가 뒤집히면서 제가 깔렸습니다,O O O O O O S-ACC
철판 구조물 위에 있던 3톤 가량의 철판이 흘러내리면서 깔려 사망,O O O O O O B-ACC O E-ACC S-INJURY
용접작업 중 화재가 발생하여 얼굴과 상반신이 5도 화상을 입었습니다,O O S-ACC O O O B-INJURY E-INJURY O
동료가 자동용접 작업 중 블록 지지용 받침대 위에 놓인 철판이 흘러내리면서 머리가 받침대에 끼어 사망했어,O O S-LOC O O O O O O B-ACC O O I-ACC E-ACC S-INJURY
작업하는 곳을 가기 위해 좁은 통로를 지나가다 발이 미끄러져 추락했어 옆에는 최소한의 난간 조차 없었고,O O O O O O O O O S-ACC O O O O O
친구가 오토바이 배달 도중 우회전 하던 차와 충돌해 튕겨져 나갔는데 전방에서 오던 차에 깔려 사망했어,O O S-LOC O O O O S-ACC O O O O B-ACC E-ACC S-INJURY
회식 중 상사가 술에 취해 제 얼굴에 잔을 던졌습니다,S-LOC O O O O O O O O
동료와 작업 후 잠깐 휴식 중에 난간에 기대있다가 추락했어,O S-LOC O O O O O O S-ACC
퇴근할려고 엘리베이터에 타고 내려가다가 엘리베이터가 추락해 다리와 팔이 골절 되었습니다,S-LOC O O O O S-ACC B-INJURY I-INJURY E-INJURY O
승강기 작업을 하던 도중 승강기가 추락해 중상을 입었어,O S-LOC O O O S-ACC O O
건설현장에서 일하다가 추락 사고로 갈비뼈가 부러졌어,S-LOC O S-ACC O B-INJURY E-INJURY
건물지붕에서 작업을 하다 떨어져 뇌출혈로 인해 수술을 했어,O S-LOC O S-ACC S-INJURY O O O
건물 철거 작업 도중 건물이 붕괴하면서 미쳐 못 나온 동료 2명이 숨졌어,B-LOC I-LOC E-LOC O B-ACC E-ACC O O O O O S-INJURY
일하던 도중 화재가 발생하면서 불이 붙은 자재들이 떨어지면서 밑에 깔려 하반신 절단을 했어,S-LOC O S-ACC O O O B-ACC I-ACC O E-ACC B-INJURY E-INJURY O
동생이 물류창고에서 일하다가 화재가 발생 해 사망했어,O O S-LOC S-ACC O O S-INJURY
건설 현장에서 퇴근 후 숙소에서 쉬던 도중 화재가 발생해 동료가 화상을 입었는데 산재가 되나요?,B-LOC E-LOC S-LOC O O O O S-ACC O O S-INJURY O O O
출근중 옆 차선의 차가 신호 없이 갑작스럽게 끼어들어 박았습니다,S-LOC O O O O O O O S-ACC
업무 도중 높이 30m에 달하는 곳에서 떨어졌어,S-LOC O O O O O S-ACC
버스 운행 도중 35톤 가량의 화물차와 충돌해 차가 뒤집혀 뇌출혈과 팔이 골절됬어,B-LOC E-LOC O O O B-ACC E-ACC O O S-INJURY B-INJURY E-INJURY
화물차 운반 도중 분기점 진입로에 있는 시설물을 들이받고 전도되어 다리가 골절됬어,O O O O O O B-ACC I-ACC E-ACC B-INJURY E-INJURY
화학공장 화재 진화 작업 도중 화상을 입었어,O O O O O S-INJURY O
물양장 공사 수중 작업 중 지반이 무너지면서 포크레인의 붕대에 머리를 맞아 뇌진탕 진단 받음,O O O S-LOC O O O B-ACC I-ACC O E-ACC S-INJURY O O
작업 도중 미끄러져 회전근개파열이라고 진단 받았습니다 산재가 가능한가요?,S-LOC O S-ACC S-INJURY O O O O
오토바이 배달 중 넘어지면서 오토바이에 깔려 우측 발이 골절 됬어요,O S-LOC O O B-ACC E-ACC O B-INJURY E-INJURY O
점심시간 중 사업장 내 잔디밭에서 동료들과 축구경기를 하다가 사고가 났어,O O O O O O O O O O
출장 가기위해 주차장으로 이동하던 중 오토바이에 부딪혔어,S-LOC O O O O B-ACC E-ACC
차를 운전해 작업장으로 출근 중 상대방 차량과 충돌했어,O O O S-LOC O O B-ACC E-ACC
사업장 지하주차장에 차량을 주차하고 이동 중 바닥 빗물로 인해 미끄러 넘어져 다쳤어,S-LOC O O O O O O O O B-ACC E-ACC O
아빠가 아파트 관리인이셨는데 아파트 내 좌회전 하던 차량에 부딪혀 사망했어,O O O O O O O B-ACC E-ACC S-INJURY
목재가공 도중 절단된 판재가 얼굴로 날아왔어,S-LOC O B-ACC I-ACC O E-ACC
풀베기 작업 중 예초기 날에 돌이 튀어 머리를 맞았어,O S-LOC O O O B-ACC I-ACC O E-ACC
제가 작업 도중 낙하사고가 일어나 우측 하지 완전절단 진단을 받았습니다,O S-LOC O S-ACC O O B-INJURY E-INJURY O O
계단 공구현장에서 대리석 시공 중 대리석을 들고있는 끈이 끊어져 중심을 잃고 추락했어,O O O S-LOC O O O O O O O S-ACC
물류창고에서 일하다 자재에 깔려 십자인대 파열 진단을 받았는데 보험급여 차액을 지급 받을 수 있을까?,O O B-ACC E-ACC B-INJURY E-INJURY O O O O O O O O
근로계약을 하고 나무 위에서 잣을 채취 중 추락해 다리 골절 진단을 받았어,O O O O O S-LOC O S-ACC B-INJURY E-INJURY O O
아버지가 엘리베이터 공사를 하시다가 엘리베이터가 떨어져 사망하셨는데 유족급여를 받을 수 있을까?,O O S-LOC O O S-ACC S-INJURY O O O O
공사 현장에서 작업 중 인근에 설치되있던 pc방호벽이 기울어지면서 좌측 상반신쪽이 깔려서 늑골 골절 진단을 받았어,B-LOC I-LOC E-LOC O O O O O O O S-ACC B-INJURY E-INJURY O O
안테나 위치를 수정하는 작업을 하던 중 지붕 위에서 약 3m 아래로 떨어졌어요,O O O S-LOC O O O O O O O S-ACC
개인공사 현장에서 조경공사 업무 중 사다리에서 미끄러져 추락해 오른쪽 발을 다쳤는데 요양급여를 받을 수 있나?,B-LOC I-LOC O E-LOC O B-ACC O E-ACC O B-INJURY E-INJURY O O O O